batch_id,sku_id,batch_code,quantity_on_hand,received_date,expiry_date
1,1,LOT-000001,121.74,2025-05-03,
2,2,LOT-000002,34.33,2025-04-17,
3,2,LOT-000003,24.41,2025-04-13,
4,2,LOT-000004,51.38,2025-04-06,
5,3,LOT-000005,105.67,2025-04-12,
6,4,LOT-000006,156.64,2025-04-25,
7,4,LOT-000007,62.11,2025-05-07,
8,4,LOT-000008,185.77,2025-05-10,
9,5,LOT-000009,397.04,2025-04-27,
10,6,LOT-000010,353.6,2025-04-11,
11,6,LOT-000011,151.39,2025-04-22,
12,6,LOT-000012,7.56,2025-05-02,
13,7,LOT-000013,47.03,2025-04-09,
14,7,LOT-000014,107.51,2025-04-11,
15,7,LOT-000015,94.93,2025-05-15,
16,8,LOT-000016,186.37,2025-05-02,
17,8,LOT-000017,10.5,2025-04-20,
18,9,LOT-000018,229.12,2025-04-21,
19,10,LOT-000019,248.37,2025-05-14,
20,11,LOT-000020,75.05,2025-05-14,
21,11,LOT-000021,79.51,2025-05-04,
22,12,LOT-000022,468.0,2025-04-17,
23,13,LOT-000023,22.68,2025-04-07,
24,13,LOT-000024,162.05,2025-05-16,
25,14,LOT-000025,199.15,2025-05-23,
26,14,LOT-000026,2.33,2025-05-13,
27,15,LOT-000027,213.95,2025-04-26,
28,16,LOT-000028,100.26,2025-04-17,
29,16,LOT-000029,104.69,2025-05-05,
30,16,LOT-000030,37.76,2025-04-26,
31,17,LOT-000031,63.28,2025-05-17,
32,17,LOT-000032,169.64,2025-05-01,
33,18,LOT-000033,214.27,2025-05-24,
34,19,LOT-000034,24.85,2025-05-20,
35,19,LOT-000035,64.05,2025-05-23,
36,19,LOT-000036,183.45,2025-04-17,
37,20,LOT-000037,4.55,2025-04-14,
38,20,LOT-000038,89.53,2025-05-11,
39,20,LOT-000039,62.14,2025-04-18,
40,21,LOT-000040,190.67,2025-05-14,
41,21,LOT-000041,36.29,2025-04-19,
42,22,LOT-000042,159.7,2025-04-05,
43,23,LOT-000043,367.33,2025-05-13,
44,24,LOT-000044,381.96,2025-05-17,
45,25,LOT-000045,430.21,2025-04-26,
46,26,LOT-000046,181.48,2025-04-06,
47,26,LOT-000047,104.22,2025-04-13,
48,27,LOT-000048,46.07,2025-04-10,
49,27,LOT-000049,104.75,2025-04-17,
50,28,LOT-000050,368.53,2025-04-17,
51,28,LOT-000051,7.62,2025-04-26,
52,29,LOT-000052,119.96,2025-04-21,
53,29,LOT-000053,64.17,2025-05-03,
54,29,LOT-000054,11.99,2025-04-07,
55,30,LOT-000055,10.47,2025-04-19,
56,30,LOT-000056,52.21,2025-04-11,
57,30,LOT-000057,48.46,2025-05-09,
58,31,LOT-000058,249.96,2025-05-11,
59,31,LOT-000059,112.96,2025-04-28,
60,32,LOT-000060,397.55,2025-05-16,
61,33,LOT-000061,91.12,2025-05-25,
62,34,LOT-000062,67.34,2025-04-16,
63,34,LOT-000063,158.04,2025-04-13,
64,34,LOT-000064,1.85,2025-05-22,
65,35,LOT-000065,155.68,2025-05-06,
66,36,LOT-000066,245.8,2025-04-20,
67,36,LOT-000067,62.28,2025-05-08,
68,37,LOT-000068,45.06,2025-05-07,
69,37,LOT-000069,285.74,2025-05-15,
70,38,LOT-000070,64.09,2025-05-24,
71,38,LOT-000071,109.47,2025-05-06,
72,38,LOT-000072,154.93,2025-04-08,
73,39,LOT-000073,389.94,2025-05-18,
74,40,LOT-000074,146.52,2025-04-23,
75,40,LOT-000075,178.03,2025-05-19,
76,41,LOT-000076,251.86,2025-04-22,
77,41,LOT-000077,43.81,2025-04-14,
78,41,LOT-000078,56.61,2025-05-16,
79,42,LOT-000079,175.82,2025-04-23,
80,42,LOT-000080,74.9,2025-05-06,
81,43,LOT-000081,19.78,2025-04-24,
82,43,LOT-000082,289.67,2025-05-20,
83,43,LOT-000083,40.78,2025-05-18,
84,44,LOT-000084,160.27,2025-04-07,
85,45,LOT-000085,179.16,2025-04-04,
86,46,LOT-000086,42.38,2025-04-30,
87,46,LOT-000087,242.54,2025-04-18,
88,46,LOT-000088,156.72,2025-05-02,
89,47,LOT-000089,128.49,2025-05-11,
90,47,LOT-000090,3.09,2025-05-15,
91,47,LOT-000091,83.85,2025-04-30,
92,48,LOT-000092,338.07,2025-04-20,
93,49,LOT-000093,483.85,2025-05-11,
94,49,LOT-000094,49.52,2025-04-19,
95,50,LOT-000095,114.77,2025-05-22,
96,51,LOT-000096,158.83,2025-05-26,
97,51,LOT-000097,86.01,2025-04-23,
98,52,LOT-000098,25.97,2025-04-28,
99,52,LOT-000099,46.9,2025-04-15,
100,52,LOT-000100,134.56,2025-04-15,
101,53,LOT-000101,184.65,2025-05-09,
102,53,LOT-000102,90.27,2025-05-04,
103,54,LOT-000103,164.21,2025-04-12,
104,54,LOT-000104,59.91,2025-04-12,
105,54,LOT-000105,253.38,2025-05-05,
106,55,LOT-000106,27.17,2025-05-10,
107,55,LOT-000107,160.97,2025-05-12,
108,55,LOT-000108,7.76,2025-05-04,
109,56,LOT-000109,288.79,2025-04-18,
110,57,LOT-000110,138.83,2025-04-06,
111,58,LOT-000111,31.74,2025-05-24,
112,58,LOT-000112,142.93,2025-05-21,
113,59,LOT-000113,169.88,2025-04-14,
114,59,LOT-000114,290.71,2025-04-09,
115,60,LOT-000115,31.4,2025-04-12,
116,60,LOT-000116,10.45,2025-04-19,
117,60,LOT-000117,101.45,2025-04-10,
118,61,LOT-000118,42.89,2025-05-12,
119,61,LOT-000119,77.97,2025-05-11,
120,62,LOT-000120,75.31,2025-05-05,
121,62,LOT-000121,146.25,2025-05-12,
122,62,LOT-000122,183.72,2025-04-20,
123,63,LOT-000123,502.65,2025-04-28,
124,64,LOT-000124,519.07,2025-05-13,
125,65,LOT-000125,199.44,2025-04-10,
126,65,LOT-000126,181.73,2025-04-24,
127,66,LOT-000127,90.07,2025-05-05,
128,66,LOT-000128,104.53,2025-04-20,
129,67,LOT-000129,155.9,2025-04-05,
130,68,LOT-000130,172.85,2025-04-12,
131,69,LOT-000131,81.88,2025-05-08,
132,69,LOT-000132,1.0,2025-04-29,
133,69,LOT-000133,85.57,2025-04-25,
134,70,LOT-000134,199.27,2025-04-20,
135,70,LOT-000135,40.63,2025-05-21,
136,70,LOT-000136,132.02,2025-05-02,
137,71,LOT-000137,365.13,2025-04-06,
138,72,LOT-000138,174.1,2025-05-24,
139,73,LOT-000139,267.56,2025-05-20,
140,73,LOT-000140,91.6,2025-04-07,
141,73,LOT-000141,42.8,2025-05-05,
142,74,LOT-000142,66.81,2025-05-20,
143,74,LOT-000143,164.66,2025-05-09,
144,74,LOT-000144,42.71,2025-04-12,
145,75,LOT-000145,194.09,2025-04-08,
146,76,LOT-000146,116.57,2025-05-26,
147,76,LOT-000147,123.69,2025-04-06,
148,77,LOT-000148,297.19,2025-05-03,
149,77,LOT-000149,12.81,2025-04-23,
150,78,LOT-000150,260.9,2025-05-26,
151,78,LOT-000151,9.16,2025-05-04,
152,78,LOT-000152,55.92,2025-05-14,
153,79,LOT-000153,274.11,2025-04-18,
154,79,LOT-000154,5.04,2025-05-05,
155,79,LOT-000155,49.33,2025-04-26,
156,80,LOT-000156,16.04,2025-05-06,
157,80,LOT-000157,66.18,2025-04-24,
158,80,LOT-000158,63.34,2025-04-30,
159,81,LOT-000159,287.04,2025-05-14,
160,81,LOT-000160,87.48,2025-04-21,
161,82,LOT-000161,118.95,2025-05-04,
162,82,LOT-000162,33.87,2025-04-07,
163,82,LOT-000163,113.63,2025-04-12,
164,83,LOT-000164,19.12,2025-04-13,
165,83,LOT-000165,228.61,2025-04-19,
166,83,LOT-000166,21.67,2025-05-25,
167,84,LOT-000167,461.26,2025-04-14,
168,85,LOT-000168,47.68,2025-04-19,
169,85,LOT-000169,135.16,2025-04-16,
170,86,LOT-000170,123.15,2025-04-29,
171,86,LOT-000171,88.9,2025-04-26,
172,86,LOT-000172,107.48,2025-04-25,
173,87,LOT-000173,229.21,2025-05-12,
174,88,LOT-000174,4.5,2025-05-15,
175,88,LOT-000175,156.94,2025-05-21,
176,88,LOT-000176,78.65,2025-04-06,
177,89,LOT-000177,61.77,2025-05-06,
178,89,LOT-000178,54.95,2025-04-19,
179,89,LOT-000179,133.01,2025-05-17,
180,90,LOT-000180,147.84,2025-04-18,
181,90,LOT-000181,35.21,2025-04-21,
182,90,LOT-000182,1.35,2025-04-04,
183,91,LOT-000183,357.19,2025-05-25,
184,92,LOT-000184,2.52,2025-05-26,
185,92,LOT-000185,40.4,2025-04-26,
186,92,LOT-000186,113.53,2025-05-19,
187,93,LOT-000187,167.44,2025-05-19,
188,93,LOT-000188,76.22,2025-05-14,
189,93,LOT-000189,30.69,2025-05-19,
190,94,LOT-000190,181.97,2025-04-20,
191,95,LOT-000191,99.97,2025-04-30,
192,96,LOT-000192,10.1,2025-05-21,
193,96,LOT-000193,9.33,2025-04-07,
194,96,LOT-000194,105.22,2025-05-08,
195,97,LOT-000195,160.12,2025-04-04,
196,98,LOT-000196,26.71,2025-04-30,
197,98,LOT-000197,86.0,2025-04-07,
198,98,LOT-000198,214.31,2025-05-02,
199,99,LOT-000199,102.6,2025-04-08,
200,99,LOT-000200,16.95,2025-04-23,
201,100,LOT-000201,158.89,2025-04-12,
202,101,LOT-000202,203.32,2025-05-08,
203,102,LOT-000203,99.89,2025-04-14,
204,102,LOT-000204,63.9,2025-05-12,
205,103,LOT-000205,53.18,2025-05-23,
206,103,LOT-000206,52.7,2025-05-12,
207,103,LOT-000207,212.12,2025-04-05,
208,104,LOT-000208,274.4,2025-05-20,
209,105,LOT-000209,3.06,2025-05-23,
210,105,LOT-000210,364.93,2025-05-18,
211,106,LOT-000211,30.59,2025-05-15,
212,106,LOT-000212,215.14,2025-05-11,
213,107,LOT-000213,70.61,2025-04-05,
214,107,LOT-000214,35.86,2025-05-19,
215,107,LOT-000215,27.12,2025-04-13,
216,108,LOT-000216,316.26,2025-05-11,
217,109,LOT-000217,112.7,2025-04-08,
218,109,LOT-000218,23.88,2025-04-27,
219,109,LOT-000219,5.52,2025-04-06,
220,110,LOT-000220,112.54,2025-04-09,
221,110,LOT-000221,54.79,2025-04-05,
222,111,LOT-000222,6.23,2025-04-07,
223,111,LOT-000223,186.33,2025-05-24,
224,111,LOT-000224,45.05,2025-05-09,
225,112,LOT-000225,202.26,2025-05-14,
226,112,LOT-000226,43.68,2025-04-25,
227,113,LOT-000227,248.9,2025-04-18,
228,113,LOT-000228,28.25,2025-04-19,
229,114,LOT-000229,83.65,2025-05-19,
230,114,LOT-000230,70.39,2025-05-02,
231,114,LOT-000231,82.7,2025-05-13,
232,115,LOT-000232,20.53,2025-05-14,
233,115,LOT-000233,266.69,2025-04-13,
234,115,LOT-000234,186.09,2025-05-01,
235,116,LOT-000235,203.29,2025-05-05,
236,117,LOT-000236,110.86,2025-05-12,
237,117,LOT-000237,156.0,2025-04-20,
238,117,LOT-000238,99.12,2025-04-28,
239,118,LOT-000239,48.28,2025-04-24,
240,118,LOT-000240,60.32,2025-05-25,
241,118,LOT-000241,361.94,2025-04-11,
242,119,LOT-000242,280.75,2025-05-22,
243,120,LOT-000243,60.15,2025-05-25,
244,120,LOT-000244,42.6,2025-04-11,
245,120,LOT-000245,177.54,2025-05-12,
246,121,LOT-000246,175.35,2025-05-22,
247,121,LOT-000247,43.56,2025-04-27,
248,122,LOT-000248,50.56,2025-05-12,
249,122,LOT-000249,22.59,2025-04-12,
250,122,LOT-000250,123.92,2025-04-23,
251,123,LOT-000251,461.4,2025-04-05,
252,124,LOT-000252,265.43,2025-04-04,
253,125,LOT-000253,16.7,2025-04-16,
254,125,LOT-000254,146.9,2025-04-24,
255,126,LOT-000255,71.42,2025-04-22,
256,126,LOT-000256,76.92,2025-05-16,
257,126,LOT-000257,29.1,2025-04-19,
258,127,LOT-000258,185.95,2025-04-14,
259,128,LOT-000259,186.08,2025-04-17,
260,128,LOT-000260,242.8,2025-05-16,
261,129,LOT-000261,108.77,2025-04-07,
262,129,LOT-000262,82.71,2025-04-26,
263,129,LOT-000263,34.7,2025-05-06,
264,130,LOT-000264,85.34,2025-05-05,
265,130,LOT-000265,95.29,2025-05-12,
266,130,LOT-000266,41.51,2025-04-27,
267,131,LOT-000267,353.53,2025-04-21,
268,131,LOT-000268,213.94,2025-05-09,
269,132,LOT-000269,235.5,2025-05-24,
270,132,LOT-000270,55.74,2025-05-09,
271,132,LOT-000271,73.85,2025-05-10,
272,133,LOT-000272,81.67,2025-05-20,
273,133,LOT-000273,258.65,2025-05-04,
274,134,LOT-000274,53.1,2025-04-22,
275,134,LOT-000275,39.32,2025-05-08,
276,134,LOT-000276,25.43,2025-04-17,
277,135,LOT-000277,92.71,2025-04-29,
278,135,LOT-000278,42.16,2025-04-10,
279,136,LOT-000279,25.74,2025-04-06,
280,136,LOT-000280,10.97,2025-04-25,
281,136,LOT-000281,219.99,2025-04-09,
282,137,LOT-000282,321.49,2025-04-29,
283,138,LOT-000283,39.0,2025-04-17,
284,138,LOT-000284,76.86,2025-04-07,
285,138,LOT-000285,33.7,2025-04-29,
286,139,LOT-000286,38.57,2025-04-17,
287,139,LOT-000287,211.63,2025-04-25,
288,140,LOT-000288,191.98,2025-04-15,
289,140,LOT-000289,9.14,2025-04-21,
290,140,LOT-000290,3.02,2025-04-16,
291,141,LOT-000291,182.91,2025-04-13,
292,141,LOT-000292,160.92,2025-05-23,
293,141,LOT-000293,61.79,2025-05-12,
294,142,LOT-000294,59.71,2025-04-30,
295,142,LOT-000295,24.51,2025-05-23,
296,143,LOT-000296,59.27,2025-04-18,
297,143,LOT-000297,177.76,2025-04-28,
298,144,LOT-000298,235.92,2025-04-11,
299,144,LOT-000299,109.48,2025-05-21,
300,145,LOT-000300,288.32,2025-05-21,
301,145,LOT-000301,22.54,2025-04-04,
302,146,LOT-000302,209.9,2025-04-21,
303,146,LOT-000303,2.72,2025-05-08,
304,146,LOT-000304,87.92,2025-04-25,
305,147,LOT-000305,17.53,2025-05-15,
306,147,LOT-000306,80.73,2025-05-14,
307,147,LOT-000307,93.91,2025-05-11,
308,148,LOT-000308,292.7,2025-04-12,
309,149,LOT-000309,188.43,2025-04-18,
310,149,LOT-000310,63.65,2025-05-24,
311,150,LOT-000311,162.73,2025-04-20,
312,151,LOT-000312,121.56,2025-05-19,
313,151,LOT-000313,8.04,2025-04-26,
314,151,LOT-000314,9.39,2025-05-23,
315,152,LOT-000315,91.71,2025-04-25,
316,152,LOT-000316,242.19,2025-05-01,
317,152,LOT-000317,104.3,2025-05-17,
318,153,LOT-000318,166.05,2025-04-29,
319,153,LOT-000319,5.81,2025-04-16,
320,154,LOT-000320,388.23,2025-05-24,
321,155,LOT-000321,73.27,2025-05-06,
322,155,LOT-000322,50.44,2025-04-18,
323,155,LOT-000323,18.35,2025-04-06,
324,156,LOT-000324,12.69,2025-04-10,
325,156,LOT-000325,212.51,2025-05-15,
326,156,LOT-000326,58.27,2025-04-09,
327,157,LOT-000327,83.3,2025-04-08,
328,157,LOT-000328,62.4,2025-05-07,
329,157,LOT-000329,40.23,2025-04-23,
330,158,LOT-000330,181.56,2025-04-24,
331,158,LOT-000331,10.86,2025-05-01,
332,158,LOT-000332,133.62,2025-04-23,
333,159,LOT-000333,213.31,2025-04-12,
334,160,LOT-000334,51.15,2025-04-27,
335,160,LOT-000335,87.95,2025-05-04,
336,160,LOT-000336,89.04,2025-04-30,
337,161,LOT-000337,338.88,2025-04-10,
338,162,LOT-000338,121.54,2025-05-15,
339,163,LOT-000339,41.4,2025-04-05,
340,163,LOT-000340,191.6,2025-04-06,
341,163,LOT-000341,312.39,2025-05-03,
342,164,LOT-000342,252.42,2025-05-17,
343,165,LOT-000343,35.66,2025-04-05,
344,165,LOT-000344,115.14,2025-05-24,
345,165,LOT-000345,50.83,2025-04-06,
346,166,LOT-000346,60.73,2025-04-09,
347,166,LOT-000347,101.28,2025-05-18,
348,166,LOT-000348,113.07,2025-04-24,
349,167,LOT-000349,108.06,2025-04-09,
350,167,LOT-000350,34.42,2025-04-13,
351,167,LOT-000351,43.98,2025-05-01,
352,168,LOT-000352,3.46,2025-04-26,
353,168,LOT-000353,255.24,2025-04-17,
354,169,LOT-000354,99.88,2025-04-13,
355,169,LOT-000355,69.42,2025-04-21,
356,169,LOT-000356,1.0,2025-05-14,
357,170,LOT-000357,288.36,2025-04-04,
358,171,LOT-000358,430.67,2025-05-06,
359,172,LOT-000359,36.35,2025-05-09,
360,172,LOT-000360,40.56,2025-05-12,
361,172,LOT-000361,221.92,2025-05-11,
362,173,LOT-000362,282.71,2025-04-22,
363,174,LOT-000363,49.83,2025-04-19,
364,174,LOT-000364,148.48,2025-05-24,
365,174,LOT-000365,1.0,2025-04-11,
366,175,LOT-000366,89.23,2025-05-21,
367,175,LOT-000367,214.65,2025-05-20,
368,175,LOT-000368,61.66,2025-05-04,
369,176,LOT-000369,228.36,2025-04-24,
370,177,LOT-000370,5.8,2025-04-08,
371,177,LOT-000371,266.09,2025-04-12,
372,178,LOT-000372,68.27,2025-04-26,
373,178,LOT-000373,43.37,2025-05-24,
374,178,LOT-000374,118.08,2025-04-23,
375,179,LOT-000375,178.23,2025-05-17,
376,180,LOT-000376,183.23,2025-05-26,
377,180,LOT-000377,41.01,2025-05-10,
378,180,LOT-000378,29.84,2025-04-17,
379,181,LOT-000379,66.39,2025-05-22,
380,181,LOT-000380,346.47,2025-05-12,
381,182,LOT-000381,468.14,2025-04-11,
382,183,LOT-000382,199.79,2025-04-14,
383,183,LOT-000383,7.74,2025-04-28,
384,183,LOT-000384,14.61,2025-05-25,
385,184,LOT-000385,199.06,2025-04-24,
386,185,LOT-000386,166.42,2025-04-12,
387,186,LOT-000387,284.75,2025-04-16,
388,187,LOT-000388,264.96,2025-04-27,
389,188,LOT-000389,36.82,2025-05-26,
390,188,LOT-000390,18.57,2025-04-14,
391,188,LOT-000391,202.15,2025-05-15,
392,189,LOT-000392,3.84,2025-05-11,
393,189,LOT-000393,170.16,2025-05-04,
394,189,LOT-000394,125.92,2025-05-02,
395,190,LOT-000395,85.72,2025-04-07,
396,190,LOT-000396,263.72,2025-04-24,
397,190,LOT-000397,201.91,2025-05-02,
398,191,LOT-000398,432.3,2025-04-07,
399,192,LOT-000399,394.53,2025-04-10,
400,193,LOT-000400,302.32,2025-04-23,
401,194,LOT-000401,355.64,2025-04-16,
402,195,LOT-000402,178.03,2025-04-06,
403,195,LOT-000403,22.77,2025-04-27,
404,196,LOT-000404,229.72,2025-04-12,
405,196,LOT-000405,57.27,2025-05-23,
406,197,LOT-000406,61.79,2025-04-12,
407,197,LOT-000407,45.56,2025-05-25,
408,197,LOT-000408,16.92,2025-05-11,
409,198,LOT-000409,71.07,2025-04-14,
410,198,LOT-000410,269.66,2025-05-15,
411,198,LOT-000411,136.0,2025-04-13,
412,199,LOT-000412,468.26,2025-05-08,
413,200,LOT-000413,118.49,2025-04-18,
414,200,LOT-000414,86.11,2025-05-11,
415,201,LOT-000415,81.28,2025-05-21,
416,201,LOT-000416,225.23,2025-04-26,
417,202,LOT-000417,120.34,2025-05-19,
418,203,LOT-000418,22.11,2025-04-16,
419,203,LOT-000419,116.92,2025-04-19,
420,203,LOT-000420,44.21,2025-05-10,
421,204,LOT-000421,166.79,2025-05-15,
422,204,LOT-000422,89.83,2025-04-09,
423,205,LOT-000423,174.32,2025-04-13,
424,205,LOT-000424,167.24,2025-04-24,
425,206,LOT-000425,84.09,2025-04-22,
426,206,LOT-000426,95.63,2025-04-08,
427,206,LOT-000427,58.87,2025-04-24,
428,207,LOT-000428,80.25,2025-04-26,
429,207,LOT-000429,59.8,2025-04-22,
430,207,LOT-000430,11.23,2025-05-25,
431,208,LOT-000431,183.02,2025-04-23,
432,209,LOT-000432,200.31,2025-05-22,
433,209,LOT-000433,40.11,2025-04-16,
434,210,LOT-000434,227.89,2025-04-30,
435,210,LOT-000435,61.07,2025-05-06,
436,210,LOT-000436,94.29,2025-04-24,
437,211,LOT-000437,387.1,2025-04-21,
438,212,LOT-000438,36.88,2025-05-24,
439,212,LOT-000439,183.65,2025-04-10,
440,213,LOT-000440,303.22,2025-04-26,
441,214,LOT-000441,240.26,2025-04-12,
442,214,LOT-000442,99.66,2025-05-13,
443,214,LOT-000443,121.61,2025-04-30,
444,215,LOT-000444,71.44,2025-05-04,
445,215,LOT-000445,46.95,2025-04-22,
446,216,LOT-000446,133.85,2025-05-20,
447,216,LOT-000447,33.91,2025-05-04,
448,216,LOT-000448,91.79,2025-04-28,
449,217,LOT-000449,511.8,2025-04-18,
450,218,LOT-000450,4.84,2025-04-15,
451,218,LOT-000451,95.22,2025-05-05,
452,218,LOT-000452,42.32,2025-04-09,
453,219,LOT-000453,160.01,2025-04-19,
454,220,LOT-000454,45.73,2025-04-21,
455,220,LOT-000455,69.21,2025-05-11,
456,220,LOT-000456,113.29,2025-05-26,
457,221,LOT-000457,6.19,2025-04-11,
458,221,LOT-000458,182.45,2025-04-11,
459,221,LOT-000459,20.79,2025-04-26,
460,222,LOT-000460,615.52,2025-04-07,
461,223,LOT-000461,183.03,2025-04-16,
462,224,LOT-000462,97.07,2025-04-10,
463,224,LOT-000463,257.03,2025-04-21,
464,225,LOT-000464,141.43,2025-04-22,
465,225,LOT-000465,185.25,2025-04-10,
466,226,LOT-000466,23.53,2025-04-12,
467,226,LOT-000467,306.65,2025-04-18,
468,227,LOT-000468,438.49,2025-04-11,
469,228,LOT-000469,84.41,2025-04-23,
470,228,LOT-000470,36.88,2025-04-28,
471,229,LOT-000471,255.25,2025-05-02,
472,229,LOT-000472,102.12,2025-05-25,
473,230,LOT-000473,102.16,2025-04-27,
474,230,LOT-000474,143.8,2025-04-09,
475,230,LOT-000475,30.92,2025-04-18,
476,231,LOT-000476,108.0,2025-04-18,
477,231,LOT-000477,4.32,2025-05-23,
478,231,LOT-000478,73.92,2025-04-13,
479,232,LOT-000479,186.71,2025-04-09,
480,233,LOT-000480,31.1,2025-05-04,
481,233,LOT-000481,110.06,2025-04-15,
482,233,LOT-000482,78.82,2025-04-29,
483,234,LOT-000483,113.31,2025-04-13,
484,234,LOT-000484,13.5,2025-05-08,
485,234,LOT-000485,63.83,2025-05-08,
486,235,LOT-000486,142.12,2025-05-21,
487,235,LOT-000487,112.01,2025-05-21,
488,236,LOT-000488,12.42,2025-05-13,
489,236,LOT-000489,22.36,2025-05-26,
490,236,LOT-000490,153.98,2025-05-22,
491,237,LOT-000491,63.69,2025-05-07,
492,237,LOT-000492,62.5,2025-04-18,
493,237,LOT-000493,96.43,2025-05-16,
494,238,LOT-000494,39.64,2025-05-17,
495,238,LOT-000495,106.61,2025-05-03,
496,238,LOT-000496,77.04,2025-04-30,
497,239,LOT-000497,291.71,2025-05-03,
498,240,LOT-000498,472.24,2025-04-05,
499,241,LOT-000499,5.76,2025-05-25,
500,241,LOT-000500,1.41,2025-05-14,
501,241,LOT-000501,102.05,2025-04-28,
502,242,LOT-000502,127.68,2025-05-13,
503,243,LOT-000503,77.25,2025-04-04,
504,243,LOT-000504,101.29,2025-04-04,
505,244,LOT-000505,117.68,2025-05-11,
506,244,LOT-000506,97.51,2025-04-14,
507,245,LOT-000507,349.96,2025-05-24,
508,246,LOT-000508,26.24,2025-05-02,
509,246,LOT-000509,139.07,2025-05-09,
510,246,LOT-000510,27.11,2025-04-30,
511,247,LOT-000511,67.61,2025-05-08,
512,247,LOT-000512,7.96,2025-04-18,
513,247,LOT-000513,91.17,2025-04-26,
514,248,LOT-000514,342.87,2025-05-18,
515,248,LOT-000515,5.98,2025-05-03,
516,249,LOT-000516,40.95,2025-05-07,
517,249,LOT-000517,103.0,2025-04-16,
518,249,LOT-000518,292.36,2025-04-28,
519,250,LOT-000519,45.03,2025-05-01,
520,250,LOT-000520,22.07,2025-04-08,
521,250,LOT-000521,34.51,2025-05-15,
522,251,LOT-000522,4.23,2025-05-22,
523,251,LOT-000523,200.43,2025-04-14,
524,251,LOT-000524,35.0,2025-05-02,
525,252,LOT-000525,111.49,2025-04-20,
526,252,LOT-000526,18.12,2025-05-24,
527,253,LOT-000527,174.72,2025-05-24,
528,253,LOT-000528,57.58,2025-05-14,
529,254,LOT-000529,151.28,2025-05-11,
530,254,LOT-000530,44.06,2025-05-04,
531,254,LOT-000531,152.62,2025-05-23,
532,255,LOT-000532,136.31,2025-04-13,
533,256,LOT-000533,52.12,2025-04-11,
534,256,LOT-000534,241.48,2025-04-08,
535,256,LOT-000535,172.96,2025-04-08,
536,257,LOT-000536,17.61,2025-04-07,
537,257,LOT-000537,418.41,2025-04-28,
538,258,LOT-000538,36.06,2025-04-07,
539,258,LOT-000539,220.32,2025-05-02,
540,259,LOT-000540,22.79,2025-04-12,
541,259,LOT-000541,224.57,2025-04-18,
542,260,LOT-000542,160.13,2025-05-03,
543,260,LOT-000543,133.3,2025-04-23,
544,260,LOT-000544,21.98,2025-05-13,
545,261,LOT-000545,227.67,2025-05-05,
546,262,LOT-000546,164.63,2025-05-01,
547,262,LOT-000547,47.09,2025-05-21,
548,262,LOT-000548,58.44,2025-05-25,
549,263,LOT-000549,152.11,2025-05-03,
550,264,LOT-000550,193.75,2025-04-05,
551,264,LOT-000551,198.17,2025-04-19,
552,265,LOT-000552,60.77,2025-04-10,
553,265,LOT-000553,163.92,2025-05-21,
554,265,LOT-000554,103.92,2025-05-07,
555,266,LOT-000555,99.5,2025-04-17,
556,266,LOT-000556,90.11,2025-05-01,
557,267,LOT-000557,289.59,2025-04-13,
558,267,LOT-000558,183.24,2025-05-08,
559,268,LOT-000559,543.59,2025-05-22,
560,269,LOT-000560,168.96,2025-04-22,
561,270,LOT-000561,21.93,2025-04-12,
562,270,LOT-000562,167.25,2025-05-20,
563,271,LOT-000563,217.24,2025-05-08,
564,271,LOT-000564,61.14,2025-05-15,
565,271,LOT-000565,81.83,2025-04-28,
566,272,LOT-000566,353.62,2025-05-11,
567,272,LOT-000567,7.49,2025-05-18,
568,272,LOT-000568,25.3,2025-05-11,
569,273,LOT-000569,120.72,2025-05-24,
570,273,LOT-000570,110.79,2025-05-10,
571,274,LOT-000571,178.89,2025-04-19,
572,274,LOT-000572,47.34,2025-05-04,
573,274,LOT-000573,43.97,2025-05-09,
574,275,LOT-000574,91.81,2025-04-17,
575,275,LOT-000575,145.4,2025-05-21,
576,276,LOT-000576,118.29,2025-05-14,
577,276,LOT-000577,246.82,2025-05-18,
578,277,LOT-000578,102.97,2025-05-07,
579,277,LOT-000579,37.14,2025-05-16,
580,277,LOT-000580,158.31,2025-05-10,
581,278,LOT-000581,88.84,2025-04-17,
582,279,LOT-000582,225.11,2025-04-14,
583,280,LOT-000583,48.46,2025-05-12,
584,280,LOT-000584,31.82,2025-05-24,
585,280,LOT-000585,17.3,2025-04-08,
586,281,LOT-000586,145.74,2025-04-12,
587,282,LOT-000587,119.7,2025-05-18,
588,282,LOT-000588,102.55,2025-04-21,
589,282,LOT-000589,21.14,2025-05-20,
590,283,LOT-000590,94.53,2025-04-05,
591,283,LOT-000591,241.59,2025-05-20,
592,283,LOT-000592,15.98,2025-04-05,
593,284,LOT-000593,44.52,2025-05-23,
594,284,LOT-000594,176.89,2025-05-09,
595,285,LOT-000595,347.29,2025-04-16,
596,286,LOT-000596,21.57,2025-05-03,
597,286,LOT-000597,378.38,2025-05-25,
598,286,LOT-000598,10.75,2025-05-18,
599,287,LOT-000599,201.98,2025-05-14,
600,287,LOT-000600,37.2,2025-05-26,
601,288,LOT-000601,155.43,2025-05-20,
602,288,LOT-000602,102.44,2025-04-26,
603,289,LOT-000603,41.62,2025-04-08,
604,289,LOT-000604,145.34,2025-05-09,
605,289,LOT-000605,80.09,2025-04-28,
606,290,LOT-000606,413.41,2025-05-20,
607,291,LOT-000607,391.95,2025-05-18,
608,291,LOT-000608,81.63,2025-04-18,
609,292,LOT-000609,485.6,2025-05-26,
610,293,LOT-000610,407.21,2025-04-11,
611,294,LOT-000611,45.67,2025-05-24,
612,294,LOT-000612,90.98,2025-05-23,
613,294,LOT-000613,83.32,2025-04-26,
614,295,LOT-000614,24.47,2025-04-22,
615,295,LOT-000615,19.41,2025-04-30,
616,295,LOT-000616,66.34,2025-04-14,
617,296,LOT-000617,223.34,2025-05-24,
618,297,LOT-000618,13.11,2025-05-12,
619,297,LOT-000619,246.74,2025-05-01,
620,297,LOT-000620,129.44,2025-04-05,
621,298,LOT-000621,28.87,2025-05-21,
622,298,LOT-000622,192.77,2025-04-24,
623,299,LOT-000623,30.58,2025-05-02,
624,299,LOT-000624,3.85,2025-05-13,
625,299,LOT-000625,134.04,2025-04-19,
626,300,LOT-000626,325.66,2025-05-05,
627,300,LOT-000627,107.05,2025-05-18,
628,301,LOT-000628,181.56,2025-05-08,
629,301,LOT-000629,81.78,2025-05-19,
630,302,LOT-000630,62.69,2025-05-19,
631,302,LOT-000631,145.04,2025-04-27,
632,303,LOT-000632,146.87,2025-04-22,
633,303,LOT-000633,47.73,2025-04-05,
634,303,LOT-000634,57.18,2025-04-26,
635,304,LOT-000635,228.21,2025-04-23,
636,305,LOT-000636,53.66,2025-04-14,
637,305,LOT-000637,162.39,2025-05-05,
638,306,LOT-000638,464.36,2025-04-11,
639,307,LOT-000639,130.3,2025-05-23,
640,307,LOT-000640,244.24,2025-05-19,
641,307,LOT-000641,151.79,2025-04-08,
642,308,LOT-000642,68.25,2025-05-06,
643,308,LOT-000643,66.97,2025-04-08,
644,309,LOT-000644,196.0,2025-05-21,
645,310,LOT-000645,55.62,2025-05-07,
646,310,LOT-000646,59.29,2025-05-17,
647,311,LOT-000647,36.44,2025-05-21,
648,311,LOT-000648,302.07,2025-04-13,
649,312,LOT-000649,133.29,2025-04-14,
650,312,LOT-000650,195.48,2025-05-09,
651,312,LOT-000651,12.67,2025-04-29,
652,313,LOT-000652,253.55,2025-05-05,
653,314,LOT-000653,289.08,2025-04-28,
654,314,LOT-000654,36.92,2025-05-18,
655,314,LOT-000655,29.17,2025-04-04,
656,315,LOT-000656,112.24,2025-05-20,
657,315,LOT-000657,50.04,2025-04-04,
658,316,LOT-000658,134.1,2025-04-07,
659,317,LOT-000659,194.32,2025-04-19,
660,318,LOT-000660,3.44,2025-04-16,
661,318,LOT-000661,97.4,2025-04-22,
662,319,LOT-000662,42.31,2025-05-08,
663,319,LOT-000663,116.99,2025-04-17,
664,320,LOT-000664,270.8,2025-05-10,
665,320,LOT-000665,22.81,2025-05-22,
666,321,LOT-000666,300.96,2025-04-14,
667,321,LOT-000667,1.0,2025-04-24,
668,322,LOT-000668,40.5,2025-04-23,
669,322,LOT-000669,121.41,2025-04-14,
670,322,LOT-000670,66.94,2025-05-16,
671,323,LOT-000671,302.39,2025-04-12,
672,324,LOT-000672,434.24,2025-04-06,
673,325,LOT-000673,131.0,2025-04-18,
674,325,LOT-000674,53.21,2025-04-16,
675,326,LOT-000675,195.4,2025-04-25,
676,327,LOT-000676,97.71,2025-05-03,
677,327,LOT-000677,8.99,2025-05-03,
678,327,LOT-000678,72.88,2025-05-06,
679,328,LOT-000679,360.45,2025-04-21,
680,329,LOT-000680,178.17,2025-05-12,
681,329,LOT-000681,122.51,2025-04-05,
682,329,LOT-000682,84.02,2025-05-07,
683,330,LOT-000683,52.3,2025-04-13,
684,330,LOT-000684,93.69,2025-05-23,
685,331,LOT-000685,6.42,2025-05-10,
686,331,LOT-000686,109.64,2025-04-17,
687,332,LOT-000687,33.82,2025-05-22,
688,332,LOT-000688,48.82,2025-04-29,
689,332,LOT-000689,47.26,2025-05-10,
690,333,LOT-000690,402.74,2025-04-22,
691,334,LOT-000691,4.69,2025-05-18,
692,334,LOT-000692,238.57,2025-04-13,
693,335,LOT-000693,416.84,2025-04-17,
694,336,LOT-000694,331.48,2025-04-14,
695,337,LOT-000695,105.83,2025-04-30,
696,338,LOT-000696,177.88,2025-04-16,
697,339,LOT-000697,220.84,2025-04-28,
698,340,LOT-000698,415.64,2025-04-24,
699,340,LOT-000699,21.75,2025-05-16,
700,340,LOT-000700,13.79,2025-05-07,
701,341,LOT-000701,411.58,2025-05-22,
702,342,LOT-000702,103.34,2025-04-29,
703,342,LOT-000703,21.42,2025-05-25,
704,342,LOT-000704,33.44,2025-04-27,
705,343,LOT-000705,80.61,2025-04-06,
706,343,LOT-000706,18.57,2025-05-09,
707,343,LOT-000707,1.46,2025-05-15,
708,344,LOT-000708,47.7,2025-04-24,
709,344,LOT-000709,60.76,2025-05-08,
710,345,LOT-000710,165.19,2025-04-18,
711,346,LOT-000711,27.79,2025-04-19,
712,346,LOT-000712,221.86,2025-04-17,
713,347,LOT-000713,126.65,2025-05-01,
714,348,LOT-000714,231.43,2025-05-19,
715,349,LOT-000715,392.05,2025-04-11,
716,350,LOT-000716,101.73,2025-04-14,
717,351,LOT-000717,15.37,2025-05-07,
718,351,LOT-000718,511.16,2025-05-24,
719,352,LOT-000719,194.04,2025-05-10,
720,352,LOT-000720,14.81,2025-05-03,
721,353,LOT-000721,87.19,2025-05-06,
722,353,LOT-000722,10.61,2025-04-25,
723,353,LOT-000723,69.12,2025-05-26,
724,354,LOT-000724,200.57,2025-05-10,
725,354,LOT-000725,262.47,2025-05-03,
726,355,LOT-000726,270.65,2025-04-16,
727,356,LOT-000727,51.63,2025-05-10,
728,356,LOT-000728,221.19,2025-05-15,
729,357,LOT-000729,124.82,2025-05-06,
730,357,LOT-000730,17.34,2025-05-20,
731,357,LOT-000731,80.77,2025-05-17,
732,358,LOT-000732,169.92,2025-05-09,
733,358,LOT-000733,173.65,2025-05-10,
734,359,LOT-000734,289.94,2025-05-16,
735,359,LOT-000735,33.61,2025-05-25,
736,360,LOT-000736,362.2,2025-05-20,
737,360,LOT-000737,36.53,2025-05-17,
738,361,LOT-000738,10.17,2025-04-16,
739,361,LOT-000739,22.62,2025-03-19,
740,362,LOT-000740,11.04,2025-01-14,
741,362,LOT-000741,4.62,2025-01-01,
742,362,LOT-000742,15.44,2025-03-26,
743,363,LOT-000743,1.0,2024-12-22,
744,363,LOT-000744,24.69,2025-04-07,
745,364,LOT-000745,4.94,2025-03-01,
746,364,LOT-000746,24.75,2025-03-14,
747,365,LOT-000747,6.96,2025-01-01,
748,365,LOT-000748,17.33,2025-03-22,
749,365,LOT-000749,2.31,2025-02-24,
750,366,LOT-000750,13.63,2025-02-25,
751,366,LOT-000751,5.8,2025-01-18,
752,366,LOT-000752,3.8,2025-02-20,
753,367,LOT-000753,22.82,2025-02-04,
754,367,LOT-000754,8.89,2025-01-04,
755,368,LOT-000755,13.52,2025-02-03,
756,368,LOT-000756,4.27,2024-12-25,
757,368,LOT-000757,2.22,2025-04-17,
758,369,LOT-000758,12.53,2024-12-22,
759,369,LOT-000759,9.05,2025-04-13,
760,370,LOT-000760,22.15,2024-12-10,
761,370,LOT-000761,5.78,2025-02-13,
762,371,LOT-000762,3.76,2025-04-25,
763,371,LOT-000763,21.68,2025-01-19,
764,372,LOT-000764,21.69,2025-01-19,
765,372,LOT-000765,3.22,2025-01-11,
766,373,LOT-000766,2.43,2025-04-07,
767,373,LOT-000767,22.52,2025-01-19,
768,374,LOT-000768,1.86,2025-04-12,
769,374,LOT-000769,21.85,2025-04-07,
770,375,LOT-000770,31.54,2025-01-12,
771,375,LOT-000771,20.28,2025-01-29,
772,376,LOT-000772,1.0,2024-12-09,
773,376,LOT-000773,19.27,2025-03-16,
774,377,LOT-000774,22.85,2025-03-21,
775,377,LOT-000775,11.08,2025-02-22,
776,378,LOT-000776,25.69,2025-03-05,
777,378,LOT-000777,7.28,2025-04-20,
778,379,LOT-000778,24.57,2024-12-27,
779,379,LOT-000779,7.61,2025-02-06,
780,379,LOT-000780,1.04,2025-01-09,
781,380,LOT-000781,12.13,2025-01-05,
782,380,LOT-000782,13.84,2025-03-14,
783,381,LOT-000783,10.43,2025-04-20,
784,381,LOT-000784,29.45,2025-04-20,
785,381,LOT-000785,2.13,2024-12-21,
786,382,LOT-000786,19.83,2025-01-31,
787,382,LOT-000787,5.66,2025-02-10,
788,382,LOT-000788,1.0,2025-03-21,
789,383,LOT-000789,25.88,2025-03-04,
790,383,LOT-000790,18.7,2025-03-04,
791,384,LOT-000791,11.34,2025-01-22,
792,384,LOT-000792,8.66,2025-04-11,
793,385,LOT-000793,1.0,2025-03-27,
794,385,LOT-000794,1.0,2025-03-17,
795,385,LOT-000795,18.59,2025-03-26,
796,386,LOT-000796,1.0,2025-03-12,
797,386,LOT-000797,11.4,2024-12-25,
798,386,LOT-000798,8.27,2025-03-26,
799,387,LOT-000799,25.85,2025-04-30,
800,387,LOT-000800,11.91,2025-02-10,
801,387,LOT-000801,17.62,2025-01-15,
802,388,LOT-000802,2.09,2024-12-31,
803,388,LOT-000803,37.7,2024-12-30,
804,389,LOT-000804,13.43,2025-01-09,
805,389,LOT-000805,2.91,2025-02-12,
806,389,LOT-000806,7.6,2024-12-21,
807,390,LOT-000807,3.46,2025-01-12,
808,390,LOT-000808,28.54,2025-04-24,
809,391,LOT-000809,17.8,2024-12-22,
810,391,LOT-000810,3.95,2025-01-18,
811,392,LOT-000811,11.89,2025-01-10,
812,392,LOT-000812,8.11,2025-03-09,
813,393,LOT-000813,22.21,2025-01-21,
814,393,LOT-000814,17.91,2024-12-23,
815,393,LOT-000815,2.19,2025-04-03,
816,394,LOT-000816,7.31,2025-04-07,
817,394,LOT-000817,2.86,2024-12-29,
818,394,LOT-000818,9.82,2025-04-03,
819,395,LOT-000819,8.72,2024-12-12,
820,395,LOT-000820,11.28,2025-04-10,
821,396,LOT-000821,15.11,2025-01-27,
822,396,LOT-000822,27.93,2025-02-03,
823,397,LOT-000823,5.45,2025-02-09,
824,397,LOT-000824,17.08,2025-04-21,
825,398,LOT-000825,19.54,2025-04-05,
826,398,LOT-000826,1.0,2024-12-23,
827,399,LOT-000827,2.78,2025-02-02,
828,399,LOT-000828,11.64,2025-02-03,
829,399,LOT-000829,20.0,2025-04-05,
830,400,LOT-000830,5.01,2025-02-21,
831,400,LOT-000831,1.16,2025-01-16,
832,400,LOT-000832,13.83,2024-12-28,
833,401,LOT-000833,22.65,2025-02-12,
834,401,LOT-000834,11.94,2025-01-28,
835,401,LOT-000835,6.87,2025-04-25,
836,402,LOT-000836,20.72,2024-12-27,
837,402,LOT-000837,18.8,2025-01-25,
838,402,LOT-000838,2.34,2025-04-02,
839,403,LOT-000839,5.86,2024-12-13,
840,403,LOT-000840,28.01,2025-02-06,
841,404,LOT-000841,8.36,2025-03-26,
842,404,LOT-000842,11.64,2025-02-12,
843,405,LOT-000843,1.34,2025-02-26,
844,405,LOT-000844,19.05,2025-02-01,
845,405,LOT-000845,1.0,2025-04-22,
846,406,LOT-000846,1.64,2025-03-08,
847,406,LOT-000847,25.33,2025-03-28,
848,406,LOT-000848,8.53,2024-12-15,
849,407,LOT-000849,12.95,2024-12-09,
850,407,LOT-000850,13.34,2025-01-22,
851,407,LOT-000851,2.31,2025-02-13,
852,408,LOT-000852,10.07,2025-03-11,
853,408,LOT-000853,19.06,2025-01-01,
854,408,LOT-000854,1.05,2024-12-24,
855,409,LOT-000855,13.98,2025-04-05,
856,409,LOT-000856,18.0,2024-12-06,
857,410,LOT-000857,24.27,2025-02-22,
858,410,LOT-000858,17.75,2025-01-31,
859,411,LOT-000859,11.33,2025-03-27,
860,411,LOT-000860,8.83,2025-04-18,
861,411,LOT-000861,12.25,2024-12-27,
862,412,LOT-000862,1.0,2025-03-08,
863,412,LOT-000863,10.34,2024-12-05,
864,412,LOT-000864,18.49,2024-12-28,
865,413,LOT-000865,23.66,2025-04-13,
866,413,LOT-000866,25.43,2025-04-26,
867,414,LOT-000867,45.2,2024-12-07,
868,414,LOT-000868,7.95,2025-04-19,
869,415,LOT-000869,34.38,2025-04-29,
870,415,LOT-000870,1.05,2025-02-26,
871,416,LOT-000871,18.59,2025-03-16,
872,416,LOT-000872,1.41,2024-12-17,
873,417,LOT-000873,7.43,2025-01-15,
874,417,LOT-000874,7.48,2024-12-17,
875,417,LOT-000875,5.42,2024-12-16,
876,418,LOT-000876,1.81,2025-03-04,
877,418,LOT-000877,8.06,2025-01-18,
878,418,LOT-000878,18.21,2025-04-18,
879,419,LOT-000879,21.37,2025-02-05,
880,419,LOT-000880,11.68,2025-01-20,
881,419,LOT-000881,1.0,2024-12-08,
882,420,LOT-000882,5.38,2025-04-24,
883,420,LOT-000883,35.15,2025-02-07,
884,421,LOT-000884,1.0,2025-01-30,
885,421,LOT-000885,23.88,2025-04-09,
886,421,LOT-000886,1.81,2025-03-07,
887,422,LOT-000887,21.47,2024-12-28,
888,422,LOT-000888,12.49,2025-04-09,
889,423,LOT-000889,2.38,2025-04-08,
890,423,LOT-000890,22.24,2025-01-30,
891,424,LOT-000891,5.51,2025-03-18,
892,424,LOT-000892,34.57,2025-03-16,
893,425,LOT-000893,17.2,2025-02-26,
894,425,LOT-000894,6.48,2025-01-25,
895,425,LOT-000895,8.07,2025-03-16,
896,426,LOT-000896,20.25,2024-12-09,
897,426,LOT-000897,1.99,2025-03-14,
898,427,LOT-000898,3.09,2025-03-10,
899,427,LOT-000899,2.67,2025-04-25,
900,427,LOT-000900,16.47,2025-04-12,
901,428,LOT-000901,12.05,2024-12-30,
902,428,LOT-000902,22.78,2025-03-12,
903,429,LOT-000903,18.22,2024-12-27,
904,429,LOT-000904,5.74,2025-02-10,
905,429,LOT-000905,29.41,2024-12-05,
906,430,LOT-000906,5.46,2024-12-12,
907,430,LOT-000907,15.41,2025-02-13,
908,431,LOT-000908,9.23,2025-02-11,
909,431,LOT-000909,18.58,2025-01-15,
910,431,LOT-000910,8.32,2025-03-25,
911,432,LOT-000911,5.92,2024-12-22,
912,432,LOT-000912,16.5,2024-12-10,
913,433,LOT-000913,32.06,2024-12-07,
914,433,LOT-000914,21.85,2025-03-21,
915,434,LOT-000915,17.15,2025-01-10,
916,434,LOT-000916,4.66,2025-03-28,
917,434,LOT-000917,3.77,2025-01-04,
918,435,LOT-000918,3.4,2025-01-27,
919,435,LOT-000919,29.55,2024-12-29,
920,435,LOT-000920,8.97,2025-02-26,
921,436,LOT-000921,23.58,2025-03-28,
922,436,LOT-000922,7.35,2025-04-27,
923,436,LOT-000923,17.95,2025-01-27,
924,437,LOT-000924,6.39,2025-04-24,
925,437,LOT-000925,7.81,2025-03-04,
926,437,LOT-000926,5.8,2025-02-20,
927,438,LOT-000927,7.25,2024-12-11,
928,438,LOT-000928,21.98,2025-03-10,
929,439,LOT-000929,6.88,2025-04-30,
930,439,LOT-000930,2.94,2025-04-04,
931,439,LOT-000931,10.17,2025-04-06,
932,440,LOT-000932,13.33,2025-04-25,
933,440,LOT-000933,14.13,2025-04-16,
934,440,LOT-000934,2.17,2025-02-11,
935,441,LOT-000935,8.88,2025-02-27,
936,441,LOT-000936,20.52,2024-12-19,
937,442,LOT-000937,3.45,2025-01-09,
938,442,LOT-000938,16.55,2025-02-24,
939,443,LOT-000939,14.8,2025-05-02,
940,443,LOT-000940,4.29,2025-04-19,
941,443,LOT-000941,10.23,2025-02-13,
942,444,LOT-000942,15.28,2024-12-07,
943,444,LOT-000943,2.43,2024-12-26,
944,444,LOT-000944,18.45,2025-01-20,
945,445,LOT-000945,23.43,2024-12-19,
946,445,LOT-000946,3.61,2025-02-12,
947,446,LOT-000947,1.0,2025-03-22,
948,446,LOT-000948,18.58,2025-04-17,
949,446,LOT-000949,1.0,2025-03-17,
950,447,LOT-000950,14.85,2025-01-13,
951,447,LOT-000951,21.8,2025-02-19,
952,448,LOT-000952,11.89,2025-01-17,
953,448,LOT-000953,1.0,2025-04-23,
954,448,LOT-000954,16.23,2025-02-27,
955,449,LOT-000955,35.69,2025-02-22,
956,449,LOT-000956,5.17,2025-03-27,
957,450,LOT-000957,1.24,2025-03-08,
958,450,LOT-000958,8.86,2024-12-15,
959,450,LOT-000959,9.89,2025-03-26,
960,451,LOT-000960,12.39,2025-04-30,
961,451,LOT-000961,12.83,2025-03-31,
962,451,LOT-000962,9.19,2025-04-07,
963,452,LOT-000963,36.24,2025-04-14,
964,452,LOT-000964,5.95,2025-05-03,
965,453,LOT-000965,15.62,2025-04-12,
966,453,LOT-000966,14.3,2025-01-16,
967,453,LOT-000967,1.03,2025-01-13,
968,454,LOT-000968,22.64,2024-12-19,
969,454,LOT-000969,16.54,2025-04-09,
970,455,LOT-000970,12.81,2025-04-20,
971,455,LOT-000971,14.52,2025-01-23,
972,456,LOT-000972,27.05,2025-03-01,
973,456,LOT-000973,5.95,2025-04-06,
974,456,LOT-000974,3.72,2025-01-03,
975,457,LOT-000975,5.62,2025-02-10,
976,457,LOT-000976,21.11,2025-02-16,
977,458,LOT-000977,27.42,2025-04-30,
978,458,LOT-000978,5.74,2025-03-18,
979,459,LOT-000979,8.29,2025-03-15,
980,459,LOT-000980,19.03,2025-04-17,
981,459,LOT-000981,1.0,2025-01-19,
982,460,LOT-000982,9.8,2025-03-17,
983,460,LOT-000983,29.75,2025-04-27,
984,461,LOT-000984,19.68,2025-01-26,
985,461,LOT-000985,22.12,2025-02-06,
986,461,LOT-000986,7.03,2024-12-28,
987,462,LOT-000987,6.1,2025-02-19,
988,462,LOT-000988,12.53,2025-01-23,
989,462,LOT-000989,13.97,2025-03-14,
990,463,LOT-000990,10.61,2025-01-02,
991,463,LOT-000991,44.22,2025-04-03,
992,463,LOT-000992,17.16,2025-04-10,
993,464,LOT-000993,19.84,2025-03-13,
994,464,LOT-000994,1.0,2025-01-17,
995,465,LOT-000995,43.64,2025-03-03,
996,465,LOT-000996,12.93,2025-04-27,
997,466,LOT-000997,1.0,2025-03-04,
998,466,LOT-000998,18.27,2024-12-18,
999,466,LOT-000999,36.24,2025-01-15,
1000,467,LOT-001000,8.4,2024-12-13,
1001,467,LOT-001001,7.28,2025-01-15,
1002,467,LOT-001002,15.44,2025-02-12,
1003,468,LOT-001003,25.42,2025-03-04,
1004,468,LOT-001004,5.11,2025-04-23,
1005,468,LOT-001005,16.37,2025-02-18,
1006,469,LOT-001006,26.87,2025-01-26,
1007,469,LOT-001007,14.34,2025-01-06,
1008,469,LOT-001008,1.62,2025-04-18,
1009,470,LOT-001009,18.38,2025-02-27,
1010,470,LOT-001010,11.4,2025-04-11,
1011,470,LOT-001011,1.84,2024-12-07,
1012,471,LOT-001012,10.25,2025-03-22,
1013,471,LOT-001013,12.69,2025-01-05,
1014,471,LOT-001014,13.42,2024-12-21,
1015,472,LOT-001015,15.02,2025-01-24,
1016,472,LOT-001016,8.1,2025-01-10,
1017,473,LOT-001017,4.87,2025-01-06,
1018,473,LOT-001018,18.44,2025-01-14,
1019,473,LOT-001019,20.48,2025-04-29,
1020,474,LOT-001020,9.05,2025-03-31,
1021,474,LOT-001021,31.98,2024-12-12,
1022,475,LOT-001022,37.35,2025-01-13,
1023,475,LOT-001023,7.79,2025-01-18,
1024,476,LOT-001024,10.9,2024-12-19,
1025,476,LOT-001025,4.74,2025-02-25,
1026,476,LOT-001026,15.59,2025-03-28,
1027,477,LOT-001027,9.28,2025-01-04,
1028,477,LOT-001028,7.21,2025-02-12,
1029,477,LOT-001029,10.77,2025-03-03,
1030,478,LOT-001030,16.48,2025-03-16,
1031,478,LOT-001031,6.52,2024-12-26,
1032,479,LOT-001032,12.77,2025-01-03,
1033,479,LOT-001033,1.56,2025-02-09,
1034,479,LOT-001034,5.66,2025-02-12,
1035,480,LOT-001035,15.22,2025-03-23,
1036,480,LOT-001036,29.7,2025-03-21,
1037,481,LOT-001037,26.81,2023-12-12,2025-06-30
1038,481,LOT-001038,25.18,2024-01-28,2025-08-16
1039,482,LOT-001039,43.98,2024-06-21,2025-06-30
1040,482,LOT-001040,18.47,2024-07-29,2025-08-07
1041,483,LOT-001041,47.05,2024-01-19,2025-07-14
1042,483,LOT-001042,13.55,2024-02-17,2025-08-12
1043,484,LOT-001043,43.4,2023-10-08,2025-07-11
1044,485,LOT-001044,100.1,2024-02-19,2025-07-09
1045,486,LOT-001045,25.02,2024-02-28,2025-06-22
1046,486,LOT-001046,35.12,2024-05-07,2025-08-30
1047,487,LOT-001047,45.2,2024-06-12,2025-07-06
1048,488,LOT-001048,72.18,2023-08-24,2025-07-16
1049,489,LOT-001049,79.47,2023-08-11,2025-07-01
1050,490,LOT-001050,53.09,2023-08-01,2025-07-08
1051,490,LOT-001051,19.55,2023-09-07,2025-08-14
1052,491,LOT-001052,45.27,2023-11-25,2025-06-26
1053,491,LOT-001053,25.74,2024-01-06,2025-08-07
1054,492,LOT-001054,51.52,2024-04-12,2025-06-29
1055,493,LOT-001055,68.49,2024-02-05,2025-07-08
1056,493,LOT-001056,25.16,2024-03-03,2025-08-04
1057,494,LOT-001057,54.17,2023-09-05,2025-07-15
1058,495,LOT-001058,31.78,2024-06-11,2025-07-01
1059,495,LOT-001059,17.1,2024-07-12,2025-08-01
1060,496,LOT-001060,76.0,2023-12-03,2025-07-13
1061,496,LOT-001061,36.79,2024-01-07,2025-08-17
1062,497,LOT-001062,58.2,2023-08-05,2025-07-10
1063,498,LOT-001063,65.75,2024-05-29,2025-07-10
1064,499,LOT-001064,22.58,2023-08-24,2025-06-30
1065,500,LOT-001065,34.06,2023-12-26,2025-07-05
1066,501,LOT-001066,39.09,2024-02-06,2025-07-01
1067,502,LOT-001067,56.67,2023-12-07,2025-07-05
1068,503,LOT-001068,46.29,2023-07-22,2025-07-14
1069,504,LOT-001069,31.21,2023-07-09,2025-06-28
1070,505,LOT-001070,50.41,2023-12-02,2025-07-03
1071,505,LOT-001071,46.63,2024-01-28,2025-08-29
1072,506,LOT-001072,68.76,2024-04-26,2025-07-05
1073,507,LOT-001073,61.43,2023-12-10,2025-07-12
1074,507,LOT-001074,21.1,2024-01-09,2025-08-11
1075,508,LOT-001075,93.83,2024-02-11,2025-07-17
1076,509,LOT-001076,49.71,2023-08-02,2025-07-08
1077,509,LOT-001077,22.67,2023-09-20,2025-08-26
1078,510,LOT-001078,48.57,2024-01-21,2025-07-04
1079,511,LOT-001079,130.23,2025-05-25,
1080,512,LOT-001080,158.5,2025-05-19,
1081,513,LOT-001081,125.13,2025-05-15,
1082,514,LOT-001082,229.1,2025-05-12,
1083,515,LOT-001083,190.47,2025-05-15,
1084,516,LOT-001084,169.95,2025-05-12,
1085,517,LOT-001085,206.01,2025-05-25,
1086,518,LOT-001086,134.27,2025-05-04,
1087,519,LOT-001087,119.51,2025-05-16,
1088,520,LOT-001088,153.6,2025-05-14,
1089,521,LOT-001089,109.05,2025-05-14,
1090,522,LOT-001090,115.52,2025-05-16,
1091,523,LOT-001091,88.0,2025-05-08,
1092,524,LOT-001092,163.81,2025-05-07,
1093,525,LOT-001093,177.99,2025-05-22,
1094,526,LOT-001094,145.26,2025-05-13,
1095,527,LOT-001095,117.91,2025-05-08,
1096,528,LOT-001096,146.75,2025-05-09,
1097,529,LOT-001097,131.02,2025-05-25,
1098,530,LOT-001098,146.8,2025-05-07,
1099,531,LOT-001099,85.77,2025-05-11,
1100,532,LOT-001100,153.07,2025-05-21,
1101,533,LOT-001101,200.52,2025-05-06,
1102,534,LOT-001102,155.02,2025-05-20,
1103,535,LOT-001103,206.4,2025-05-23,
1104,536,LOT-001104,82.73,2025-05-26,
1105,537,LOT-001105,128.44,2025-05-05,
1106,538,LOT-001106,209.78,2025-05-07,
1107,539,LOT-001107,161.26,2025-05-17,
1108,540,LOT-001108,254.28,2025-05-23,
1109,541,LOT-001109,91.43,2025-05-05,
1110,542,LOT-001110,75.89,2025-05-09,
1111,543,LOT-001111,181.69,2025-05-09,
1112,544,LOT-001112,131.82,2025-05-16,
1113,545,LOT-001113,82.95,2025-05-05,
1114,546,LOT-001114,120.19,2025-05-25,
1115,547,LOT-001115,93.59,2025-05-20,
1116,548,LOT-001116,125.85,2025-05-22,
1117,549,LOT-001117,237.01,2025-05-09,
1118,550,LOT-001118,117.01,2025-05-25,
1119,551,LOT-001119,129.55,2025-05-19,
1120,552,LOT-001120,168.02,2025-05-15,
1121,553,LOT-001121,67.5,2025-05-06,
1122,554,LOT-001122,90.42,2025-05-20,
1123,555,LOT-001123,224.64,2025-05-14,
1124,556,LOT-001124,158.57,2025-05-19,
1125,557,LOT-001125,165.92,2025-05-09,
1126,558,LOT-001126,111.55,2025-05-23,
1127,559,LOT-001127,105.97,2025-05-06,
1128,560,LOT-001128,143.89,2025-05-05,
1129,561,LOT-001129,210.24,2025-05-11,
1130,562,LOT-001130,115.37,2025-05-06,
1131,563,LOT-001131,121.73,2025-05-07,
1132,564,LOT-001132,102.64,2025-05-19,
1133,565,LOT-001133,91.45,2025-05-14,
1134,566,LOT-001134,87.77,2025-05-15,
1135,567,LOT-001135,106.07,2025-05-05,
1136,568,LOT-001136,128.41,2025-05-15,
1137,569,LOT-001137,151.67,2025-05-20,
1138,570,LOT-001138,176.25,2025-05-12,
1139,571,LOT-001139,60.62,2025-03-06,2026-05-01
1140,571,LOT-001140,102.79,2025-04-25,2026-06-20
1141,572,LOT-001141,36.28,2025-05-03,
1142,572,LOT-001142,92.79,2025-03-08,
1143,573,LOT-001143,142.39,2025-04-27,2027-03-08
1144,574,LOT-001144,60.67,2025-04-18,
1145,575,LOT-001145,113.37,2025-03-26,2026-09-02
1146,576,LOT-001146,83.78,2025-04-28,
1147,576,LOT-001147,47.6,2025-05-19,
1148,577,LOT-001148,76.37,2025-04-11,
1149,577,LOT-001149,192.88,2025-04-24,
1150,578,LOT-001150,52.4,2025-03-13,2026-12-02
1151,578,LOT-001151,19.68,2025-03-26,2026-12-15
1152,579,LOT-001152,49.92,2025-03-11,2026-04-19
1153,579,LOT-001153,138.54,2025-04-25,2026-06-03
1154,580,LOT-001154,182.24,2025-04-10,
1155,581,LOT-001155,25.87,2025-04-25,2027-04-16
1156,581,LOT-001156,40.38,2025-04-19,2027-04-10
1157,582,LOT-001157,6.55,2025-03-06,2026-10-15
1158,582,LOT-001158,70.06,2025-04-12,2026-11-21
1159,583,LOT-001159,94.27,2025-05-04,2026-08-15
1160,583,LOT-001160,119.49,2025-04-18,2026-07-30
1161,584,LOT-001161,28.97,2025-03-24,
1162,584,LOT-001162,187.81,2025-04-23,
1163,585,LOT-001163,38.22,2025-03-22,2026-11-10
1164,585,LOT-001164,96.54,2025-04-26,2026-12-15
1165,586,LOT-001165,146.9,2025-04-15,2026-12-13
1166,587,LOT-001166,89.94,2025-03-29,2026-08-31
1167,588,LOT-001167,221.36,2025-03-10,
1168,589,LOT-001168,111.07,2025-04-08,2026-08-22
1169,590,LOT-001169,93.52,2025-04-03,
1170,590,LOT-001170,72.24,2025-04-15,
1171,591,LOT-001171,160.81,2025-03-05,
1172,591,LOT-001172,4.14,2025-05-04,
1173,592,LOT-001173,42.52,2025-03-30,
1174,592,LOT-001174,5.86,2025-04-17,
1175,593,LOT-001175,111.82,2025-04-01,
1176,593,LOT-001176,8.81,2025-04-02,
1177,594,LOT-001177,152.4,2025-05-15,2026-08-13
1178,595,LOT-001178,78.41,2025-03-18,
1179,596,LOT-001179,112.07,2025-04-29,2027-02-09
1180,596,LOT-001180,50.8,2025-03-15,2026-12-26
1181,597,LOT-001181,311.62,2025-04-03,2027-01-28
1182,598,LOT-001182,49.66,2025-04-26,2026-10-14
1183,598,LOT-001183,133.33,2025-04-05,2026-09-23
1184,599,LOT-001184,86.54,2025-04-23,
1185,599,LOT-001185,126.21,2025-03-06,
1186,600,LOT-001186,18.75,2025-03-15,2027-01-23
1187,600,LOT-001187,18.81,2025-03-12,2027-01-20
