sku_id,sku_code,name,category_id,unit_cost,selling_price,is_perishable,shelf_life_days,service_level_target
1,GF-0001,FMCG SKU 0001,2,1206.14,1654.49,f,,
2,GF-0002,FMCG SKU 0002,2,1106.58,1348.74,f,,
3,GF-0003,FMCG SKU 0003,3,1468.31,1992.81,f,,
4,GF-0004,FMCG SKU 0004,3,366.55,472.87,f,,
5,GF-0005,FMCG SKU 0005,1,682.04,906.27,f,,
6,GF-0006,FMCG SKU 0006,3,1269.59,1636.1,f,,
7,GF-0007,FMCG SKU 0007,1,495.41,600.82,f,,
8,GF-0008,FMCG SKU 0008,2,1275.92,1692.3,f,,
9,GF-0009,FMCG SKU 0009,3,1185.51,1652.77,f,,
10,GF-0010,FMCG SKU 0010,2,1361.06,1845.15,f,,
11,GF-0011,FMCG SKU 0011,2,453.03,547.61,f,,
12,GF-0012,FMCG SKU 0012,2,400.58,535.41,f,,
13,GF-0013,FMCG SKU 0013,2,1168.19,1477.95,f,,
14,GF-0014,FMCG SKU 0014,3,681.6,881.93,f,,
15,GF-0015,FMCG SKU 0015,2,446.31,578.04,f,,
16,GF-0016,FMCG SKU 0016,1,494.98,660.29,f,,
17,GF-0017,FMCG SKU 0017,1,768.3,1029.56,f,,
18,GF-0018,FMCG SKU 0018,3,606.08,828.17,f,,
19,GF-0019,FMCG SKU 0019,3,1246.19,1567.29,f,,
20,GF-0020,FMCG SKU 0020,2,1087.24,1335.08,f,,
21,GF-0021,FMCG SKU 0021,3,459.88,624.24,f,,
22,GF-0022,FMCG SKU 0022,1,1064.31,1427.27,f,,
23,GF-0023,FMCG SKU 0023,2,1214.95,1596.14,f,,
24,GF-0024,FMCG SKU 0024,2,381.74,466.83,f,,
25,GF-0025,FMCG SKU 0025,2,1068.92,1403.55,f,,
26,GF-0026,FMCG SKU 0026,2,1194.5,1585.03,f,,
27,GF-0027,FMCG SKU 0027,1,919.65,1159.49,f,,
28,GF-0028,FMCG SKU 0028,2,240.06,309.04,f,,
29,GF-0029,FMCG SKU 0029,1,478.96,656.5,f,,
30,GF-0030,FMCG SKU 0030,2,504.12,610.82,f,,
31,GF-0031,FMCG SKU 0031,3,565.8,753.86,f,,
32,GF-0032,FMCG SKU 0032,1,924.14,1253.86,f,,
33,GF-0033,FMCG SKU 0033,2,1063.61,1449.49,f,,
34,GF-0034,FMCG SKU 0034,2,417.06,502.37,f,,
35,GF-0035,FMCG SKU 0035,3,317.06,409.76,f,,
36,GF-0036,FMCG SKU 0036,3,409.65,532.63,f,,
37,GF-0037,FMCG SKU 0037,2,398.01,513.12,f,,
38,GF-0038,FMCG SKU 0038,3,695.33,876.32,f,,
39,GF-0039,FMCG SKU 0039,2,1019.37,1241.11,f,,
40,GF-0040,FMCG SKU 0040,2,353.41,492.08,f,,
41,GF-0041,FMCG SKU 0041,2,1381.15,1730.83,f,,
42,GF-0042,FMCG SKU 0042,3,1459.93,1979.3,f,,
43,GF-0043,FMCG SKU 0043,3,1131.96,1419.98,f,,
44,GF-0044,FMCG SKU 0044,2,325.31,449.09,f,,
45,GF-0045,FMCG SKU 0045,3,792.51,999.51,f,,
46,GF-0046,FMCG SKU 0046,1,952.99,1177.27,f,,
47,GF-0047,FMCG SKU 0047,1,1313.6,1765.34,f,,
48,GF-0048,FMCG SKU 0048,3,761.72,1009.63,f,,
49,GF-0049,FMCG SKU 0049,1,959.33,1167.39,f,,
50,GF-0050,FMCG SKU 0050,2,740.55,894.82,f,,
51,GF-0051,FMCG SKU 0051,1,842.19,1034.97,f,,
52,GF-0052,FMCG SKU 0052,1,334.42,440.61,f,,
53,GF-0053,FMCG SKU 0053,1,421.77,555.14,f,,
54,GF-0054,FMCG SKU 0054,3,650.93,858.05,f,,
55,GF-0055,FMCG SKU 0055,1,229.65,297.73,f,,
56,GF-0056,FMCG SKU 0056,3,1217.56,1481.21,f,,
57,GF-0057,FMCG SKU 0057,3,832.66,1155.36,f,,
58,GF-0058,FMCG SKU 0058,2,943.25,1221.22,f,,
59,GF-0059,FMCG SKU 0059,3,547.07,713.45,f,,
60,GF-0060,FMCG SKU 0060,1,770.58,928.03,f,,
61,GF-0061,FMCG SKU 0061,1,1274.18,1564.76,f,,
62,GF-0062,FMCG SKU 0062,3,920.25,1124.28,f,,
63,GF-0063,FMCG SKU 0063,1,1073.91,1430.33,f,,
64,GF-0064,FMCG SKU 0064,1,1145.09,1550.15,f,,
65,GF-0065,FMCG SKU 0065,2,340.06,423.73,f,,
66,GF-0066,FMCG SKU 0066,3,248.64,325.95,f,,
67,GF-0067,FMCG SKU 0067,1,682.2,928.92,f,,
68,GF-0068,FMCG SKU 0068,3,612.28,851.43,f,,
69,GF-0069,FMCG SKU 0069,2,578.19,723.43,f,,
70,GF-0070,FMCG SKU 0070,2,1416.86,1746.87,f,,
71,GF-0071,FMCG SKU 0071,1,258.38,361.34,f,,
72,GF-0072,FMCG SKU 0072,2,1359.18,1834.52,f,,
73,GF-0073,FMCG SKU 0073,1,1358.03,1770.56,f,,
74,GF-0074,FMCG SKU 0074,3,610.71,827.14,f,,
75,GF-0075,FMCG SKU 0075,2,1060.16,1292.22,f,,
76,GF-0076,FMCG SKU 0076,2,1170.83,1466.45,f,,
77,GF-0077,FMCG SKU 0077,3,1417.86,1736.24,f,,
78,GF-0078,FMCG SKU 0078,1,1280.45,1575.79,f,,
79,GF-0079,FMCG SKU 0079,2,433.05,595.4,f,,
80,GF-0080,FMCG SKU 0080,2,455.37,574.7,f,,
81,GF-0081,FMCG SKU 0081,1,1210.63,1573.99,f,,
82,GF-0082,FMCG SKU 0082,3,387.07,465.56,f,,
83,GF-0083,FMCG SKU 0083,1,498.55,665.83,f,,
84,GF-0084,FMCG SKU 0084,1,358.38,466.35,f,,
85,GF-0085,FMCG SKU 0085,3,1102.54,1367.1,f,,
86,GF-0086,FMCG SKU 0086,2,1245.36,1672.62,f,,
87,GF-0087,FMCG SKU 0087,3,1160.68,1421.54,f,,
88,GF-0088,FMCG SKU 0088,1,1405.83,1798.78,f,,
89,GF-0089,FMCG SKU 0089,1,591.23,787.86,f,,
90,GF-0090,FMCG SKU 0090,2,1442.31,1813.4,f,,
91,GF-0091,FMCG SKU 0091,2,1402.25,1838.41,f,,
92,GF-0092,FMCG SKU 0092,1,1024.17,1250.69,f,,
93,GF-0093,FMCG SKU 0093,3,382.44,532.84,f,,
94,GF-0094,FMCG SKU 0094,2,974.86,1351.74,f,,
95,GF-0095,FMCG SKU 0095,2,1245.67,1690.31,f,,
96,GF-0096,FMCG SKU 0096,2,223.19,272.7,f,,
97,GF-0097,FMCG SKU 0097,1,1278.26,1593.38,f,,
98,GF-0098,FMCG SKU 0098,3,890.0,1175.87,f,,
99,GF-0099,FMCG SKU 0099,3,1328.06,1703.26,f,,
100,GF-0100,FMCG SKU 0100,2,686.44,882.2,f,,
101,GF-0101,FMCG SKU 0101,3,1047.51,1352.1,f,,
102,GF-0102,FMCG SKU 0102,3,522.19,651.35,f,,
103,GF-0103,FMCG SKU 0103,3,1169.82,1428.41,f,,
104,GF-0104,FMCG SKU 0104,3,286.53,377.9,f,,
105,GF-0105,FMCG SKU 0105,1,390.03,492.24,f,,
106,GF-0106,FMCG SKU 0106,3,387.03,535.73,f,,
107,GF-0107,FMCG SKU 0107,1,415.19,510.99,f,,
108,GF-0108,FMCG SKU 0108,1,350.14,421.65,f,,
109,GF-0109,FMCG SKU 0109,1,272.01,329.32,f,,
110,GF-0110,FMCG SKU 0110,1,968.49,1294.04,f,,
111,GF-0111,FMCG SKU 0111,3,711.72,925.88,f,,
112,GF-0112,FMCG SKU 0112,1,1337.51,1832.69,f,,
113,GF-0113,FMCG SKU 0113,2,256.52,319.97,f,,
114,GF-0114,FMCG SKU 0114,1,524.2,688.93,f,,
115,GF-0115,FMCG SKU 0115,1,741.14,944.75,f,,
116,GF-0116,FMCG SKU 0116,1,880.88,1074.97,f,,
117,GF-0117,FMCG SKU 0117,1,1283.5,1777.6,f,,
118,GF-0118,FMCG SKU 0118,1,328.85,450.1,f,,
119,GF-0119,FMCG SKU 0119,1,1373.45,1868.45,f,,
120,GF-0120,FMCG SKU 0120,3,1213.32,1611.89,f,,
121,GF-0121,FMCG SKU 0121,3,1212.7,1585.25,f,,
122,GF-0122,FMCG SKU 0122,1,868.49,1191.15,f,,
123,GF-0123,FMCG SKU 0123,3,801.64,1064.51,f,,
124,GF-0124,FMCG SKU 0124,2,546.4,670.96,f,,
125,GF-0125,FMCG SKU 0125,1,821.24,1023.69,f,,
126,GF-0126,FMCG SKU 0126,2,677.77,862.98,f,,
127,GF-0127,FMCG SKU 0127,2,625.74,836.71,f,,
128,GF-0128,FMCG SKU 0128,2,585.94,814.32,f,,
129,GF-0129,FMCG SKU 0129,3,1391.25,1760.87,f,,
130,GF-0130,FMCG SKU 0130,2,896.07,1227.35,f,,
131,GF-0131,FMCG SKU 0131,1,1048.36,1369.73,f,,
132,GF-0132,FMCG SKU 0132,3,1022.79,1286.3,f,,
133,GF-0133,FMCG SKU 0133,1,1155.36,1546.98,f,,
134,GF-0134,FMCG SKU 0134,1,1318.93,1617.57,f,,
135,GF-0135,FMCG SKU 0135,2,998.69,1343.39,f,,
136,GF-0136,FMCG SKU 0136,1,309.84,429.81,f,,
137,GF-0137,FMCG SKU 0137,3,378.63,515.0,f,,
138,GF-0138,FMCG SKU 0138,3,971.79,1318.25,f,,
139,GF-0139,FMCG SKU 0139,3,1233.65,1542.9,f,,
140,GF-0140,FMCG SKU 0140,3,967.1,1178.9,f,,
141,GF-0141,FMCG SKU 0141,1,1001.02,1314.32,f,,
142,GF-0142,FMCG SKU 0142,1,944.16,1220.98,f,,
143,GF-0143,FMCG SKU 0143,3,879.42,1195.88,f,,
144,GF-0144,FMCG SKU 0144,3,839.8,1108.47,f,,
145,GF-0145,FMCG SKU 0145,3,1410.61,1725.77,f,,
146,GF-0146,FMCG SKU 0146,1,314.02,418.14,f,,
147,GF-0147,FMCG SKU 0147,3,744.19,992.93,f,,
148,GF-0148,FMCG SKU 0148,3,633.73,874.34,f,,
149,GF-0149,FMCG SKU 0149,2,1191.29,1516.32,f,,
150,GF-0150,FMCG SKU 0150,1,608.77,749.72,f,,
151,GF-0151,FMCG SKU 0151,1,392.12,504.88,f,,
152,GF-0152,FMCG SKU 0152,3,698.32,939.89,f,,
153,GF-0153,FMCG SKU 0153,3,918.89,1246.07,f,,
154,GF-0154,FMCG SKU 0154,3,823.18,1049.78,f,,
155,GF-0155,FMCG SKU 0155,1,1482.62,2061.2,f,,
156,GF-0156,FMCG SKU 0156,3,354.02,485.05,f,,
157,GF-0157,FMCG SKU 0157,1,1028.2,1354.8,f,,
158,GF-0158,FMCG SKU 0158,1,1091.93,1313.0,f,,
159,GF-0159,FMCG SKU 0159,3,790.61,995.44,f,,
160,GF-0160,FMCG SKU 0160,3,796.11,1025.76,f,,
161,GF-0161,FMCG SKU 0161,2,592.51,803.59,f,,
162,GF-0162,FMCG SKU 0162,3,343.76,481.07,f,,
163,GF-0163,FMCG SKU 0163,3,1342.96,1836.34,f,,
164,GF-0164,FMCG SKU 0164,1,338.35,473.62,f,,
165,GF-0165,FMCG SKU 0165,1,1065.39,1297.74,f,,
166,GF-0166,FMCG SKU 0166,2,1366.14,1647.3,f,,
167,GF-0167,FMCG SKU 0167,2,513.08,695.4,f,,
168,GF-0168,FMCG SKU 0168,1,457.67,632.55,f,,
169,GF-0169,FMCG SKU 0169,3,1053.15,1264.92,f,,
170,GF-0170,FMCG SKU 0170,1,267.16,352.96,f,,
171,GF-0171,FMCG SKU 0171,3,1241.93,1701.29,f,,
172,GF-0172,FMCG SKU 0172,1,274.4,373.24,f,,
173,GF-0173,FMCG SKU 0173,1,1406.13,1883.69,f,,
174,GF-0174,FMCG SKU 0174,3,1289.37,1557.6,f,,
175,GF-0175,FMCG SKU 0175,1,462.32,601.43,f,,
176,GF-0176,FMCG SKU 0176,1,1168.74,1549.76,f,,
177,GF-0177,FMCG SKU 0177,2,1306.47,1759.72,f,,
178,GF-0178,FMCG SKU 0178,1,450.95,565.56,f,,
179,GF-0179,FMCG SKU 0179,2,1122.88,1484.79,f,,
180,GF-0180,FMCG SKU 0180,3,270.85,358.41,f,,
181,GF-0181,FMCG SKU 0181,1,255.06,342.26,f,,
182,GF-0182,FMCG SKU 0182,3,425.07,517.88,f,,
183,GF-0183,FMCG SKU 0183,2,438.59,566.54,f,,
184,GF-0184,FMCG SKU 0184,3,1219.31,1618.36,f,,
185,GF-0185,FMCG SKU 0185,2,944.14,1311.6,f,,
186,GF-0186,FMCG SKU 0186,1,591.75,778.5,f,,
187,GF-0187,FMCG SKU 0187,1,1109.71,1540.41,f,,
188,GF-0188,FMCG SKU 0188,2,392.97,511.52,f,,
189,GF-0189,FMCG SKU 0189,3,725.24,887.59,f,,
190,GF-0190,FMCG SKU 0190,2,374.32,470.01,f,,
191,GF-0191,FMCG SKU 0191,2,596.12,788.18,f,,
192,GF-0192,FMCG SKU 0192,2,1025.02,1314.44,f,,
193,GF-0193,FMCG SKU 0193,3,731.42,963.76,f,,
194,GF-0194,FMCG SKU 0194,1,612.15,739.0,f,,
195,GF-0195,FMCG SKU 0195,2,743.92,926.27,f,,
196,GF-0196,FMCG SKU 0196,2,944.2,1239.87,f,,
197,GF-0197,FMCG SKU 0197,2,1112.6,1480.3,f,,
198,GF-0198,FMCG SKU 0198,2,611.08,829.53,f,,
199,GF-0199,FMCG SKU 0199,1,913.89,1211.09,f,,
200,GF-0200,FMCG SKU 0200,2,668.85,871.22,f,,
201,GF-0201,FMCG SKU 0201,2,1157.72,1602.53,f,,
202,GF-0202,FMCG SKU 0202,3,854.72,1114.61,f,,
203,GF-0203,FMCG SKU 0203,1,1239.83,1695.44,f,,
204,GF-0204,FMCG SKU 0204,1,842.38,1030.38,f,,
205,GF-0205,FMCG SKU 0205,3,293.68,355.68,f,,
206,GF-0206,FMCG SKU 0206,3,564.79,715.5,f,,
207,GF-0207,FMCG SKU 0207,3,424.89,572.98,f,,
208,GF-0208,FMCG SKU 0208,1,219.09,299.15,f,,
209,GF-0209,FMCG SKU 0209,2,1313.51,1616.57,f,,
210,GF-0210,FMCG SKU 0210,2,981.09,1200.79,f,,
211,GF-0211,FMCG SKU 0211,2,674.4,943.54,f,,
212,GF-0212,FMCG SKU 0212,3,1203.74,1519.35,f,,
213,GF-0213,FMCG SKU 0213,1,1093.96,1397.61,f,,
214,GF-0214,FMCG SKU 0214,3,1033.16,1242.0,f,,
215,GF-0215,FMCG SKU 0215,3,471.77,581.58,f,,
216,GF-0216,FMCG SKU 0216,2,415.68,568.34,f,,
217,GF-0217,FMCG SKU 0217,3,1485.87,2032.4,f,,
218,GF-0218,FMCG SKU 0218,2,1487.42,1827.02,f,,
219,GF-0219,FMCG SKU 0219,3,782.72,951.79,f,,
220,GF-0220,FMCG SKU 0220,2,1181.93,1520.85,f,,
221,GF-0221,FMCG SKU 0221,3,810.13,1001.46,f,,
222,GF-0222,FMCG SKU 0222,1,1379.23,1667.4,f,,
223,GF-0223,FMCG SKU 0223,1,502.71,652.53,f,,
224,GF-0224,FMCG SKU 0224,1,962.38,1249.8,f,,
225,GF-0225,FMCG SKU 0225,1,309.35,423.41,f,,
226,GF-0226,FMCG SKU 0226,1,1028.87,1368.22,f,,
227,GF-0227,FMCG SKU 0227,3,1071.26,1297.97,f,,
228,GF-0228,FMCG SKU 0228,3,676.59,884.92,f,,
229,GF-0229,FMCG SKU 0229,3,639.99,829.76,f,,
230,GF-0230,FMCG SKU 0230,3,1199.22,1643.41,f,,
231,GF-0231,FMCG SKU 0231,2,856.23,1128.02,f,,
232,GF-0232,FMCG SKU 0232,3,1305.36,1655.35,f,,
233,GF-0233,FMCG SKU 0233,3,848.46,1035.97,f,,
234,GF-0234,FMCG SKU 0234,2,718.12,993.49,f,,
235,GF-0235,FMCG SKU 0235,2,1020.08,1293.23,f,,
236,GF-0236,FMCG SKU 0236,1,449.08,541.13,f,,
237,GF-0237,FMCG SKU 0237,3,1405.7,1773.3,f,,
238,GF-0238,FMCG SKU 0238,2,978.02,1175.06,f,,
239,GF-0239,FMCG SKU 0239,1,561.43,744.88,f,,
240,GF-0240,FMCG SKU 0240,3,1476.35,1954.79,f,,
241,GF-0241,FMCG SKU 0241,3,820.76,1133.19,f,,
242,GF-0242,FMCG SKU 0242,3,1136.9,1583.3,f,,
243,GF-0243,FMCG SKU 0243,2,1216.61,1487.69,f,,
244,GF-0244,FMCG SKU 0244,3,1152.14,1483.97,f,,
245,GF-0245,FMCG SKU 0245,3,919.03,1281.1,f,,
246,GF-0246,FMCG SKU 0246,2,1479.95,1861.25,f,,
247,GF-0247,FMCG SKU 0247,3,1153.88,1464.62,f,,
248,GF-0248,FMCG SKU 0248,3,361.03,436.19,f,,
249,GF-0249,FMCG SKU 0249,3,1210.55,1691.26,f,,
250,GF-0250,FMCG SKU 0250,2,804.47,1122.7,f,,
251,GF-0251,FMCG SKU 0251,1,735.05,894.53,f,,
252,GF-0252,FMCG SKU 0252,3,922.1,1254.44,f,,
253,GF-0253,FMCG SKU 0253,2,1402.11,1692.9,f,,
254,GF-0254,FMCG SKU 0254,3,684.51,828.08,f,,
255,GF-0255,FMCG SKU 0255,3,342.07,459.28,f,,
256,GF-0256,FMCG SKU 0256,3,1205.84,1655.72,f,,
257,GF-0257,FMCG SKU 0257,2,1161.26,1404.89,f,,
258,GF-0258,FMCG SKU 0258,3,504.9,668.67,f,,
259,GF-0259,FMCG SKU 0259,2,1315.56,1714.08,f,,
260,GF-0260,FMCG SKU 0260,1,1080.47,1302.97,f,,
261,GF-0261,FMCG SKU 0261,3,721.76,963.06,f,,
262,GF-0262,FMCG SKU 0262,3,508.96,697.55,f,,
263,GF-0263,FMCG SKU 0263,3,652.44,821.94,f,,
264,GF-0264,FMCG SKU 0264,3,967.42,1237.7,f,,
265,GF-0265,FMCG SKU 0265,2,557.27,689.64,f,,
266,GF-0266,FMCG SKU 0266,3,310.26,393.52,f,,
267,GF-0267,FMCG SKU 0267,2,1132.93,1585.82,f,,
268,GF-0268,FMCG SKU 0268,3,585.27,750.08,f,,
269,GF-0269,FMCG SKU 0269,1,377.87,528.83,f,,
270,GF-0270,FMCG SKU 0270,2,1111.15,1465.65,f,,
271,GF-0271,FMCG SKU 0271,2,710.08,922.67,f,,
272,GF-0272,FMCG SKU 0272,3,374.68,476.99,f,,
273,GF-0273,FMCG SKU 0273,2,287.32,345.8,f,,
274,GF-0274,FMCG SKU 0274,1,789.26,1047.28,f,,
275,GF-0275,FMCG SKU 0275,2,646.28,899.52,f,,
276,GF-0276,FMCG SKU 0276,2,1177.55,1540.44,f,,
277,GF-0277,FMCG SKU 0277,2,569.9,710.68,f,,
278,GF-0278,FMCG SKU 0278,3,622.95,860.79,f,,
279,GF-0279,FMCG SKU 0279,3,888.4,1171.05,f,,
280,GF-0280,FMCG SKU 0280,3,1049.47,1322.2,f,,
281,GF-0281,FMCG SKU 0281,1,513.78,632.51,f,,
282,GF-0282,FMCG SKU 0282,1,1336.61,1679.65,f,,
283,GF-0283,FMCG SKU 0283,1,929.94,1261.7,f,,
284,GF-0284,FMCG SKU 0284,3,769.9,997.22,f,,
285,GF-0285,FMCG SKU 0285,2,1493.11,2035.0,f,,
286,GF-0286,FMCG SKU 0286,3,1373.32,1864.31,f,,
287,GF-0287,FMCG SKU 0287,1,440.73,537.86,f,,
288,GF-0288,FMCG SKU 0288,2,1048.8,1458.95,f,,
289,GF-0289,FMCG SKU 0289,3,866.55,1046.07,f,,
290,GF-0290,FMCG SKU 0290,2,1447.71,1767.07,f,,
291,GF-0291,FMCG SKU 0291,1,253.4,307.4,f,,
292,GF-0292,FMCG SKU 0292,1,791.65,1031.7,f,,
293,GF-0293,FMCG SKU 0293,1,606.34,741.14,f,,
294,GF-0294,FMCG SKU 0294,1,699.86,848.3,f,,
295,GF-0295,FMCG SKU 0295,2,1107.65,1396.09,f,,
296,GF-0296,FMCG SKU 0296,1,712.36,914.19,f,,
297,GF-0297,FMCG SKU 0297,1,202.16,277.47,f,,
298,GF-0298,FMCG SKU 0298,1,201.6,262.41,f,,
299,GF-0299,FMCG SKU 0299,1,836.35,1075.77,f,,
300,GF-0300,FMCG SKU 0300,1,1214.76,1662.08,f,,
301,GF-0301,FMCG SKU 0301,1,538.45,672.26,f,,
302,GF-0302,FMCG SKU 0302,1,823.82,1101.16,f,,
303,GF-0303,FMCG SKU 0303,3,496.73,688.5,f,,
304,GF-0304,FMCG SKU 0304,1,263.14,340.02,f,,
305,GF-0305,FMCG SKU 0305,1,1125.03,1360.69,f,,
306,GF-0306,FMCG SKU 0306,1,379.67,525.37,f,,
307,GF-0307,FMCG SKU 0307,3,212.04,255.77,f,,
308,GF-0308,FMCG SKU 0308,1,343.82,455.23,f,,
309,GF-0309,FMCG SKU 0309,1,514.13,677.64,f,,
310,GF-0310,FMCG SKU 0310,2,1304.27,1566.36,f,,
311,GF-0311,FMCG SKU 0311,2,1309.38,1613.87,f,,
312,GF-0312,FMCG SKU 0312,2,1204.82,1651.92,f,,
313,GF-0313,FMCG SKU 0313,1,530.54,684.87,f,,
314,GF-0314,FMCG SKU 0314,3,984.45,1375.21,f,,
315,GF-0315,FMCG SKU 0315,3,670.0,846.66,f,,
316,GF-0316,FMCG SKU 0316,3,1238.98,1635.63,f,,
317,GF-0317,FMCG SKU 0317,2,481.26,608.09,f,,
318,GF-0318,FMCG SKU 0318,2,301.54,363.65,f,,
319,GF-0319,FMCG SKU 0319,2,650.42,802.03,f,,
320,GF-0320,FMCG SKU 0320,1,1142.74,1533.12,f,,
321,GF-0321,FMCG SKU 0321,3,1160.15,1598.7,f,,
322,GF-0322,FMCG SKU 0322,1,971.98,1190.87,f,,
323,GF-0323,FMCG SKU 0323,3,386.83,477.58,f,,
324,GF-0324,FMCG SKU 0324,3,859.48,1201.86,f,,
325,GF-0325,FMCG SKU 0325,3,205.21,287.01,f,,
326,GF-0326,FMCG SKU 0326,1,960.03,1176.4,f,,
327,GF-0327,FMCG SKU 0327,1,1366.49,1786.33,f,,
328,GF-0328,FMCG SKU 0328,3,1008.33,1265.09,f,,
329,GF-0329,FMCG SKU 0329,2,265.68,334.47,f,,
330,GF-0330,FMCG SKU 0330,2,1062.71,1452.99,f,,
331,GF-0331,FMCG SKU 0331,1,223.61,278.67,f,,
332,GF-0332,FMCG SKU 0332,2,1336.06,1671.05,f,,
333,GF-0333,FMCG SKU 0333,1,994.0,1271.56,f,,
334,GF-0334,FMCG SKU 0334,2,1080.91,1453.99,f,,
335,GF-0335,FMCG SKU 0335,1,937.02,1308.72,f,,
336,GF-0336,FMCG SKU 0336,3,745.05,970.74,f,,
337,GF-0337,FMCG SKU 0337,1,216.21,281.95,f,,
338,GF-0338,FMCG SKU 0338,3,730.35,890.16,f,,
339,GF-0339,FMCG SKU 0339,2,1356.55,1813.06,f,,
340,GF-0340,FMCG SKU 0340,2,394.19,548.83,f,,
341,GF-0341,FMCG SKU 0341,3,431.97,592.58,f,,
342,GF-0342,FMCG SKU 0342,1,1386.36,1722.45,f,,
343,GF-0343,FMCG SKU 0343,3,810.74,1115.31,f,,
344,GF-0344,FMCG SKU 0344,3,692.77,902.96,f,,
345,GF-0345,FMCG SKU 0345,2,1164.23,1579.39,f,,
346,GF-0346,FMCG SKU 0346,3,940.91,1148.78,f,,
347,GF-0347,FMCG SKU 0347,3,1375.17,1869.7,f,,
348,GF-0348,FMCG SKU 0348,3,329.82,409.27,f,,
349,GF-0349,FMCG SKU 0349,2,1166.68,1628.51,f,,
350,GF-0350,FMCG SKU 0350,1,690.29,927.65,f,,
351,GF-0351,FMCG SKU 0351,2,1353.84,1711.02,f,,
352,GF-0352,FMCG SKU 0352,2,991.36,1304.83,f,,
353,GF-0353,FMCG SKU 0353,1,731.88,1015.18,f,,
354,GF-0354,FMCG SKU 0354,2,807.93,1001.31,f,,
355,GF-0355,FMCG SKU 0355,2,690.37,846.54,f,,
356,GF-0356,FMCG SKU 0356,2,411.73,550.45,f,,
357,GF-0357,FMCG SKU 0357,1,641.32,800.83,f,,
358,GF-0358,FMCG SKU 0358,3,328.6,443.84,f,,
359,GF-0359,FMCG SKU 0359,2,1345.35,1668.79,f,,
360,GF-0360,FMCG SKU 0360,1,441.5,575.89,f,,
361,SL-0361,SLOW SKU 0361,2,5076.29,5872.13,f,,
362,SL-0362,SLOW SKU 0362,2,5148.2,6661.26,f,,
363,SL-0363,SLOW SKU 0363,3,6088.86,7103.28,f,,
364,SL-0364,SLOW SKU 0364,2,3888.4,4643.59,f,,
365,SL-0365,SLOW SKU 0365,2,6706.42,8619.4,f,,
366,SL-0366,SLOW SKU 0366,6,7915.13,10268.73,f,,
367,SL-0367,SLOW SKU 0367,3,7741.5,9062.73,f,,
368,SL-0368,SLOW SKU 0368,1,4174.57,5146.97,f,,
369,SL-0369,SLOW SKU 0369,6,3033.38,3769.01,f,,
370,SL-0370,SLOW SKU 0370,6,5483.0,6441.42,f,,
371,SL-0371,SLOW SKU 0371,2,3892.91,4974.32,f,,
372,SL-0372,SLOW SKU 0372,1,5713.25,7200.24,f,,
373,SL-0373,SLOW SKU 0373,6,4128.18,4998.11,f,,
374,SL-0374,SLOW SKU 0374,2,6680.08,8456.0,f,,
375,SL-0375,SLOW SKU 0375,3,3637.47,4248.93,f,,
376,SL-0376,SLOW SKU 0376,6,7428.67,8654.84,f,,
377,SL-0377,SLOW SKU 0377,1,3954.97,4654.7,f,,
378,SL-0378,SLOW SKU 0378,6,4774.62,5813.0,f,,
379,SL-0379,SLOW SKU 0379,6,3848.92,4917.77,f,,
380,SL-0380,SLOW SKU 0380,3,7310.16,8778.76,f,,
381,SL-0381,SLOW SKU 0381,3,5419.68,6431.64,f,,
382,SL-0382,SLOW SKU 0382,1,3386.9,4372.49,f,,
383,SL-0383,SLOW SKU 0383,1,7383.94,9064.89,f,,
384,SL-0384,SLOW SKU 0384,6,5198.34,6391.17,f,,
385,SL-0385,SLOW SKU 0385,6,5451.12,6376.52,f,,
386,SL-0386,SLOW SKU 0386,2,3191.15,4125.64,f,,
387,SL-0387,SLOW SKU 0387,6,5151.17,6050.24,f,,
388,SL-0388,SLOW SKU 0388,6,5549.29,6554.59,f,,
389,SL-0389,SLOW SKU 0389,6,3892.52,4545.85,f,,
390,SL-0390,SLOW SKU 0390,1,7542.67,9037.85,f,,
391,SL-0391,SLOW SKU 0391,1,5844.71,7072.5,f,,
392,SL-0392,SLOW SKU 0392,2,5425.37,6391.56,f,,
393,SL-0393,SLOW SKU 0393,1,7937.32,10010.88,f,,
394,SL-0394,SLOW SKU 0394,6,5078.18,5956.35,f,,
395,SL-0395,SLOW SKU 0395,3,7563.66,8755.06,f,,
396,SL-0396,SLOW SKU 0396,2,4383.22,5563.05,f,,
397,SL-0397,SLOW SKU 0397,1,5924.9,7518.96,f,,
398,SL-0398,SLOW SKU 0398,6,3665.75,4723.57,f,,
399,SL-0399,SLOW SKU 0399,2,4908.94,5646.98,f,,
400,SL-0400,SLOW SKU 0400,3,7963.53,9493.59,f,,
401,SL-0401,SLOW SKU 0401,2,2841.35,3322.54,f,,
402,SL-0402,SLOW SKU 0402,2,3337.8,4155.03,f,,
403,SL-0403,SLOW SKU 0403,1,4661.1,5583.41,f,,
404,SL-0404,SLOW SKU 0404,6,6493.99,7917.25,f,,
405,SL-0405,SLOW SKU 0405,3,6129.73,7483.9,f,,
406,SL-0406,SLOW SKU 0406,3,7725.34,9281.27,f,,
407,SL-0407,SLOW SKU 0407,1,3474.8,4436.97,f,,
408,SL-0408,SLOW SKU 0408,3,2721.4,3313.15,f,,
409,SL-0409,SLOW SKU 0409,3,7408.68,9622.18,f,,
410,SL-0410,SLOW SKU 0410,3,5422.78,6773.04,f,,
411,SL-0411,SLOW SKU 0411,2,4163.64,5016.98,f,,
412,SL-0412,SLOW SKU 0412,6,6561.81,7942.88,f,,
413,SL-0413,SLOW SKU 0413,1,5590.0,6855.25,f,,
414,SL-0414,SLOW SKU 0414,3,7488.97,9083.34,f,,
415,SL-0415,SLOW SKU 0415,2,6058.89,7338.68,f,,
416,SL-0416,SLOW SKU 0416,2,4920.28,5751.17,f,,
417,SL-0417,SLOW SKU 0417,2,3004.48,3750.58,f,,
418,SL-0418,SLOW SKU 0418,3,6146.0,7086.13,f,,
419,SL-0419,SLOW SKU 0419,6,4296.01,5441.85,f,,
420,SL-0420,SLOW SKU 0420,1,7233.47,8586.14,f,,
421,SL-0421,SLOW SKU 0421,1,6173.17,7353.93,f,,
422,SL-0422,SLOW SKU 0422,1,3262.6,3890.74,f,,
423,SL-0423,SLOW SKU 0423,6,6211.05,7331.39,f,,
424,SL-0424,SLOW SKU 0424,6,5481.43,6880.34,f,,
425,SL-0425,SLOW SKU 0425,3,7741.07,9198.45,f,,
426,SL-0426,SLOW SKU 0426,3,5940.13,7116.71,f,,
427,SL-0427,SLOW SKU 0427,3,7868.71,9858.03,f,,
428,SL-0428,SLOW SKU 0428,2,2627.75,3179.6,f,,
429,SL-0429,SLOW SKU 0429,6,7313.09,8897.04,f,,
430,SL-0430,SLOW SKU 0430,3,7647.66,9774.45,f,,
431,SL-0431,SLOW SKU 0431,6,4272.19,5226.91,f,,
432,SL-0432,SLOW SKU 0432,3,5977.11,7173.23,f,,
433,SL-0433,SLOW SKU 0433,2,3843.13,4952.18,f,,
434,SL-0434,SLOW SKU 0434,6,7138.28,9256.42,f,,
435,SL-0435,SLOW SKU 0435,6,6597.45,8341.74,f,,
436,SL-0436,SLOW SKU 0436,6,5143.34,6267.0,f,,
437,SL-0437,SLOW SKU 0437,3,3821.24,4560.27,f,,
438,SL-0438,SLOW SKU 0438,3,3917.95,4850.0,f,,
439,SL-0439,SLOW SKU 0439,2,4754.9,6050.18,f,,
440,SL-0440,SLOW SKU 0440,1,7233.13,8500.05,f,,
441,SL-0441,SLOW SKU 0441,1,2541.29,3226.49,f,,
442,SL-0442,SLOW SKU 0442,2,7115.46,8330.42,f,,
443,SL-0443,SLOW SKU 0443,3,6758.85,8168.13,f,,
444,SL-0444,SLOW SKU 0444,1,7992.35,9422.09,f,,
445,SL-0445,SLOW SKU 0445,1,3346.8,4159.91,f,,
446,SL-0446,SLOW SKU 0446,2,7630.95,9898.29,f,,
447,SL-0447,SLOW SKU 0447,6,2883.02,3657.43,f,,
448,SL-0448,SLOW SKU 0448,1,3988.48,5116.13,f,,
449,SL-0449,SLOW SKU 0449,2,6148.99,7839.22,f,,
450,SL-0450,SLOW SKU 0450,1,3469.96,4210.88,f,,
451,SL-0451,SLOW SKU 0451,1,5537.02,6937.46,f,,
452,SL-0452,SLOW SKU 0452,3,6089.78,7909.44,f,,
453,SL-0453,SLOW SKU 0453,1,7996.82,9310.54,f,,
454,SL-0454,SLOW SKU 0454,3,6503.14,8431.32,f,,
455,SL-0455,SLOW SKU 0455,2,4250.8,5159.26,f,,
456,SL-0456,SLOW SKU 0456,2,2782.81,3480.84,f,,
457,SL-0457,SLOW SKU 0457,2,4443.36,5664.47,f,,
458,SL-0458,SLOW SKU 0458,6,7016.77,8507.83,f,,
459,SL-0459,SLOW SKU 0459,1,4268.5,5421.89,f,,
460,SL-0460,SLOW SKU 0460,3,5201.92,6679.02,f,,
461,SL-0461,SLOW SKU 0461,3,3291.5,3832.67,f,,
462,SL-0462,SLOW SKU 0462,6,3344.39,4113.85,f,,
463,SL-0463,SLOW SKU 0463,3,2871.35,3302.28,f,,
464,SL-0464,SLOW SKU 0464,1,4899.74,6204.02,f,,
465,SL-0465,SLOW SKU 0465,2,2691.61,3427.68,f,,
466,SL-0466,SLOW SKU 0466,3,3424.0,4013.03,f,,
467,SL-0467,SLOW SKU 0467,2,7234.41,8904.4,f,,
468,SL-0468,SLOW SKU 0468,6,7005.6,8153.91,f,,
469,SL-0469,SLOW SKU 0469,3,4669.65,5550.43,f,,
470,SL-0470,SLOW SKU 0470,3,6637.81,8135.48,f,,
471,SL-0471,SLOW SKU 0471,3,6626.46,7986.12,f,,
472,SL-0472,SLOW SKU 0472,2,3705.54,4377.2,f,,
473,SL-0473,SLOW SKU 0473,6,6633.2,7713.73,f,,
474,SL-0474,SLOW SKU 0474,1,3469.6,4081.3,f,,
475,SL-0475,SLOW SKU 0475,1,7027.09,9125.09,f,,
476,SL-0476,SLOW SKU 0476,2,3254.66,4061.92,f,,
477,SL-0477,SLOW SKU 0477,6,4968.01,6365.33,f,,
478,SL-0478,SLOW SKU 0478,2,7865.78,10075.5,f,,
479,SL-0479,SLOW SKU 0479,3,3557.65,4441.41,f,,
480,SL-0480,SLOW SKU 0480,1,4089.96,5154.2,f,,
481,PE-0481,EXPIRY SKU 0481,5,404.89,556.43,t,566,
482,PE-0482,EXPIRY SKU 0482,4,469.74,590.66,t,374,
483,PE-0483,EXPIRY SKU 0483,4,420.7,542.3,t,542,
484,PE-0484,EXPIRY SKU 0484,4,338.4,464.95,t,642,
485,PE-0485,EXPIRY SKU 0485,4,402.55,519.53,t,506,
486,PE-0486,EXPIRY SKU 0486,4,384.86,513.64,t,480,
487,PE-0487,EXPIRY SKU 0487,5,454.49,568.19,t,389,
488,PE-0488,EXPIRY SKU 0488,5,245.52,330.71,t,692,
489,PE-0489,EXPIRY SKU 0489,5,227.38,300.26,t,690,
490,PE-0490,EXPIRY SKU 0490,5,364.24,458.55,t,707,
491,PE-0491,EXPIRY SKU 0491,4,246.83,315.78,t,579,
492,PE-0492,EXPIRY SKU 0492,4,455.79,576.51,t,443,
493,PE-0493,EXPIRY SKU 0493,4,243.14,310.35,t,519,
494,PE-0494,EXPIRY SKU 0494,5,210.61,273.39,t,679,
495,PE-0495,EXPIRY SKU 0495,4,312.34,407.17,t,385,
496,PE-0496,EXPIRY SKU 0496,5,269.16,344.75,t,588,
497,PE-0497,EXPIRY SKU 0497,4,549.76,695.44,t,705,
498,PE-0498,EXPIRY SKU 0498,4,198.33,266.35,t,407,
499,PE-0499,EXPIRY SKU 0499,4,204.89,279.29,t,676,
500,PE-0500,EXPIRY SKU 0500,5,518.91,726.22,t,557,
501,PE-0501,EXPIRY SKU 0501,4,169.88,220.6,t,511,
502,PE-0502,EXPIRY SKU 0502,4,576.89,790.88,t,576,
503,PE-0503,EXPIRY SKU 0503,5,226.65,300.27,t,723,
504,PE-0504,EXPIRY SKU 0504,4,372.15,486.44,t,720,
505,PE-0505,EXPIRY SKU 0505,5,328.89,417.43,t,579,
506,PE-0506,EXPIRY SKU 0506,4,294.49,372.67,t,435,
507,PE-0507,EXPIRY SKU 0507,4,539.77,703.75,t,580,
508,PE-0508,EXPIRY SKU 0508,4,333.9,449.09,t,522,
509,PE-0509,EXPIRY SKU 0509,5,567.05,742.11,t,706,
510,PE-0510,EXPIRY SKU 0510,4,298.17,398.11,t,530,
511,SR-0511,STOCKOUT SKU 0511,1,284.73,365.35,f,,
512,SR-0512,STOCKOUT SKU 0512,2,228.29,285.78,f,,
513,SR-0513,STOCKOUT SKU 0513,2,251.44,307.99,f,,
514,SR-0514,STOCKOUT SKU 0514,1,389.25,489.81,f,,
515,SR-0515,STOCKOUT SKU 0515,3,185.82,244.04,f,,
516,SR-0516,STOCKOUT SKU 0516,2,202.97,268.73,f,,
517,SR-0517,STOCKOUT SKU 0517,1,471.0,612.46,f,,
518,SR-0518,STOCKOUT SKU 0518,2,121.03,162.4,f,,
519,SR-0519,STOCKOUT SKU 0519,1,256.99,330.71,f,,
520,SR-0520,STOCKOUT SKU 0520,3,101.85,122.81,f,,
521,SR-0521,STOCKOUT SKU 0521,3,372.17,448.08,f,,
522,SR-0522,STOCKOUT SKU 0522,2,397.38,527.66,f,,
523,SR-0523,STOCKOUT SKU 0523,1,298.57,358.53,f,,
524,SR-0524,STOCKOUT SKU 0524,2,414.66,518.16,f,,
525,SR-0525,STOCKOUT SKU 0525,3,451.51,580.08,f,,
526,SR-0526,STOCKOUT SKU 0526,2,208.14,254.78,f,,
527,SR-0527,STOCKOUT SKU 0527,1,409.96,524.95,f,,
528,SR-0528,STOCKOUT SKU 0528,2,486.17,653.67,f,,
529,SR-0529,STOCKOUT SKU 0529,3,442.26,570.13,f,,
530,SR-0530,STOCKOUT SKU 0530,1,451.26,566.86,f,,
531,SR-0531,STOCKOUT SKU 0531,2,140.44,178.68,f,,
532,SR-0532,STOCKOUT SKU 0532,3,325.76,438.9,f,,
533,SR-0533,STOCKOUT SKU 0533,3,342.88,430.49,f,,
534,SR-0534,STOCKOUT SKU 0534,2,267.05,325.2,f,,
535,SR-0535,STOCKOUT SKU 0535,1,417.9,519.31,f,,
536,SR-0536,STOCKOUT SKU 0536,3,221.52,294.87,f,,
537,SR-0537,STOCKOUT SKU 0537,3,109.59,139.13,f,,
538,SR-0538,STOCKOUT SKU 0538,2,376.05,460.48,f,,
539,SR-0539,STOCKOUT SKU 0539,1,367.33,474.89,f,,
540,SR-0540,STOCKOUT SKU 0540,2,116.04,147.28,f,,
541,SR-0541,STOCKOUT SKU 0541,3,308.9,377.15,f,,
542,SR-0542,STOCKOUT SKU 0542,1,175.39,219.52,f,,
543,SR-0543,STOCKOUT SKU 0543,2,138.72,174.9,f,,
544,SR-0544,STOCKOUT SKU 0544,3,423.59,570.22,f,,
545,SR-0545,STOCKOUT SKU 0545,2,132.29,176.05,f,,
546,SR-0546,STOCKOUT SKU 0546,2,353.69,447.19,f,,
547,SR-0547,STOCKOUT SKU 0547,2,272.43,348.76,f,,
548,SR-0548,STOCKOUT SKU 0548,1,497.42,668.43,f,,
549,SR-0549,STOCKOUT SKU 0549,1,116.16,144.65,f,,
550,SR-0550,STOCKOUT SKU 0550,3,461.2,556.56,f,,
551,SR-0551,STOCKOUT SKU 0551,3,474.35,577.58,f,,
552,SR-0552,STOCKOUT SKU 0552,3,123.93,164.23,f,,
553,SR-0553,STOCKOUT SKU 0553,3,162.3,217.06,f,,
554,SR-0554,STOCKOUT SKU 0554,2,326.98,411.86,f,,
555,SR-0555,STOCKOUT SKU 0555,3,278.01,374.01,f,,
556,SR-0556,STOCKOUT SKU 0556,1,224.26,275.48,f,,
557,SR-0557,STOCKOUT SKU 0557,1,214.42,260.34,f,,
558,SR-0558,STOCKOUT SKU 0558,3,446.92,583.76,f,,
559,SR-0559,STOCKOUT SKU 0559,1,432.01,572.98,f,,
560,SR-0560,STOCKOUT SKU 0560,3,477.35,581.91,f,,
561,SR-0561,STOCKOUT SKU 0561,1,418.32,536.08,f,,
562,SR-0562,STOCKOUT SKU 0562,2,459.57,618.47,f,,
563,SR-0563,STOCKOUT SKU 0563,3,381.94,484.47,f,,
564,SR-0564,STOCKOUT SKU 0564,2,254.54,319.25,f,,
565,SR-0565,STOCKOUT SKU 0565,1,256.6,310.9,f,,
566,SR-0566,STOCKOUT SKU 0566,1,411.95,521.9,f,,
567,SR-0567,STOCKOUT SKU 0567,3,472.27,569.22,f,,
568,SR-0568,STOCKOUT SKU 0568,2,163.01,200.64,f,,
569,SR-0569,STOCKOUT SKU 0569,3,490.29,626.28,f,,
570,SR-0570,STOCKOUT SKU 0570,1,474.47,638.91,f,,
571,NP-0571,PHARMA SKU 0571,5,303.63,382.43,t,421,
572,NP-0572,PHARMA SKU 0572,5,276.83,368.35,f,,
573,NP-0573,PHARMA SKU 0573,6,556.89,762.99,t,680,
574,NP-0574,PHARMA SKU 0574,5,711.69,926.75,f,,
575,NP-0575,PHARMA SKU 0575,5,208.88,290.73,t,525,
576,NP-0576,PHARMA SKU 0576,4,395.9,505.73,f,,
577,NP-0577,PHARMA SKU 0577,5,358.48,484.28,f,,
578,NP-0578,PHARMA SKU 0578,6,432.59,551.7,t,629,
579,NP-0579,PHARMA SKU 0579,6,758.84,1005.19,t,404,
580,NP-0580,PHARMA SKU 0580,6,487.71,682.41,f,,
581,NP-0581,PHARMA SKU 0581,5,466.08,612.09,t,721,
582,NP-0582,PHARMA SKU 0582,4,535.42,720.49,t,588,
583,NP-0583,PHARMA SKU 0583,4,787.9,1090.86,t,468,
584,NP-0584,PHARMA SKU 0584,5,189.22,254.92,f,,
585,NP-0585,PHARMA SKU 0585,5,658.14,907.21,t,598,
586,NP-0586,PHARMA SKU 0586,5,560.19,756.7,t,607,
587,NP-0587,PHARMA SKU 0587,5,774.38,1062.31,t,520,
588,NP-0588,PHARMA SKU 0588,5,478.75,613.91,f,,
589,NP-0589,PHARMA SKU 0589,5,634.38,811.87,t,501,
590,NP-0590,PHARMA SKU 0590,5,635.73,820.65,f,,
591,NP-0591,PHARMA SKU 0591,6,221.97,284.04,f,,
592,NP-0592,PHARMA SKU 0592,4,339.36,469.15,f,,
593,NP-0593,PHARMA SKU 0593,6,644.35,840.01,f,,
594,NP-0594,PHARMA SKU 0594,4,460.96,595.11,t,455,
595,NP-0595,PHARMA SKU 0595,4,232.73,315.52,f,,
596,NP-0596,PHARMA SKU 0596,4,195.46,266.25,t,651,
597,NP-0597,PHARMA SKU 0597,5,679.8,874.3,t,665,
598,NP-0598,PHARMA SKU 0598,4,384.53,503.27,t,536,
599,NP-0599,PHARMA SKU 0599,4,306.6,395.8,f,,
600,NP-0600,PHARMA SKU 0600,4,235.08,304.53,t,679,
